ISO-10303-21;
HEADER;
FILE_DESCRIPTION(('STEP AP214'),'1');
FILE_NAME('10001073530_Rev_00.stp','2026-03-24T12:39:09',(' '),(' '),'Spatial InterOp 3D',' ',' ');
FILE_SCHEMA(('AUTOMOTIVE_DESIGN { 1 0 10303 214 1 1 1 1 }'));
ENDSEC;
DATA;
#1=MECHANICAL_DESIGN_GEOMETRIC_PRESENTATION_REPRESENTATION(' ',(#10),#6);
#2=PRODUCT_DEFINITION_CONTEXT('',#11,'design');
#3=APPLICATION_PROTOCOL_DEFINITION('INTERNATIONAL STANDARD','automotive_design',1994,#11);
#4=PRODUCT_CATEGORY_RELATIONSHIP('NONE','NONE',#12,#13);
#5=SHAPE_DEFINITION_REPRESENTATION(#14,#15);
#6= (GEOMETRIC_REPRESENTATION_CONTEXT(3)GLOBAL_UNCERTAINTY_ASSIGNED_CONTEXT((#18))GLOBAL_UNIT_ASSIGNED_CONTEXT((#20,#21,#22))REPRESENTATION_CONTEXT('NONE','WORKSPACE'));
#10=STYLED_ITEM('',(#24),#25);
#11=APPLICATION_CONTEXT(' ');
#12=PRODUCT_CATEGORY('part','NONE');
#13=PRODUCT_RELATED_PRODUCT_CATEGORY('detail',' ',(#26));
#14=PRODUCT_DEFINITION_SHAPE('NONE','NONE',#27);
#15=ADVANCED_BREP_SHAPE_REPRESENTATION('Cut-Extrude9',(#25,#28),#6);
#18=UNCERTAINTY_MEASURE_WITH_UNIT(LENGTH_MEASURE(1.0E-08),#20,'','');
#20= (CONVERSION_BASED_UNIT('METRE',#31)LENGTH_UNIT()NAMED_UNIT(#34));
#21= (NAMED_UNIT(#36)PLANE_ANGLE_UNIT()SI_UNIT($,.RADIAN.));
#22= (NAMED_UNIT(#36)SOLID_ANGLE_UNIT()SI_UNIT($,.STERADIAN.));
#24=PRESENTATION_STYLE_ASSIGNMENT((#42));
#25=MANIFOLD_SOLID_BREP('Cut-Extrude9',#43);
#26=PRODUCT('Cut-Extrude9','','PART--DESC',(#44));
#27=PRODUCT_DEFINITION('','NONE',#45,#2);
#28=AXIS2_PLACEMENT_3D('',#46,#47,#48);
#31=LENGTH_MEASURE_WITH_UNIT(LENGTH_MEASURE(1.0),#49);
#34=DIMENSIONAL_EXPONENTS(1.0,0.0,0.0,0.0,0.0,0.0,0.0);
#36=DIMENSIONAL_EXPONENTS(0.0,0.0,0.0,0.0,0.0,0.0,0.0);
#42=SURFACE_STYLE_USAGE(.BOTH.,#50);
#43=CLOSED_SHELL('',(#51,#52,#53,#54,#55,#56,#57,#58,#59,#60,#61,#62,#63,#64,#65,#66,#67,#68,#69,#70,#71,#72,#73,#74,#75,#76,#77,#78,#79,#80,#81,#82,#83,#84,#85,#86,#87,#88,#89,#90,#91,#92,#93,#94,#95,#96,#97,#98,#99,#100,#101,#102,#103,#104,#105,#106,#107,#108,#109,#110,#111,#112,#113,#114,#115,#116,#117,#118,#119,#120,#121,#122,#123,#124,#125,#126,#127,#128,#129,#130,#131,#132,#133,#134,#135,#136,#137,#138,#139,#140,#141,#142,#143,#144,#145,#146,#147,#148,#149,#150,#151,#152,#153,#154,#155,#156,#157,#158,#159,#160,#161,#162,#163,#164,#165,#166,#167,#168,#169,#170,#171,#172,#173,#174,#175,#176,#177,#178,#179,#180,#181,#182,#183,#184,#185,#186,#187,#188,#189,#190,#191,#192,#193,#194,#195,#196,#197,#198,#199,#200,#201));
#44=PRODUCT_CONTEXT('',#11,'mechanical');
#45=PRODUCT_DEFINITION_FORMATION_WITH_SPECIFIED_SOURCE(' ','NONE',#26,.NOT_KNOWN.);
#46=CARTESIAN_POINT('',(0.0,0.0,0.0));
#47=DIRECTION('',(0.0,0.0,1.0));
#48=DIRECTION('',(1.0,0.0,0.0));
#49= (NAMED_UNIT(#34)LENGTH_UNIT()SI_UNIT($,.METRE.));
#50=SURFACE_SIDE_STYLE('',(#203));
#51=ADVANCED_FACE('0:2567',(#204),#205,.F.);
#52=ADVANCED_FACE('0:2564',(#206),#207,.T.);
#53=ADVANCED_FACE('0:2561',(#208),#209,.T.);
#54=ADVANCED_FACE('0:2558',(#210),#211,.T.);
#55=ADVANCED_FACE('0:2555',(#212),#213,.F.);
#56=ADVANCED_FACE('0:2552',(#214),#215,.T.);
#57=ADVANCED_FACE('0:2549',(#216),#217,.F.);
#58=ADVANCED_FACE('0:2546',(#218),#219,.F.);
#59=ADVANCED_FACE('0:2543',(#220),#221,.F.);
#60=ADVANCED_FACE('0:2540',(#222),#223,.F.);
#61=ADVANCED_FACE('0:2537',(#224),#225,.F.);
#62=ADVANCED_FACE('0:2534',(#226),#227,.F.);
#63=ADVANCED_FACE('0:2531',(#228),#229,.F.);
#64=ADVANCED_FACE('0:2528',(#230),#231,.F.);
#65=ADVANCED_FACE('0:2525',(#232),#233,.F.);
#66=ADVANCED_FACE('0:2522',(#234),#235,.F.);
#67=ADVANCED_FACE('0:2519',(#236),#237,.T.);
#68=ADVANCED_FACE('0:2516',(#238),#239,.F.);
#69=ADVANCED_FACE('0:2513',(#240),#241,.T.);
#70=ADVANCED_FACE('0:2510',(#242),#243,.F.);
#71=ADVANCED_FACE('0:2507',(#244),#245,.F.);
#72=ADVANCED_FACE('0:2504',(#246),#247,.F.);
#73=ADVANCED_FACE('0:2501',(#248),#249,.F.);
#74=ADVANCED_FACE('0:2498',(#250),#251,.F.);
#75=ADVANCED_FACE('0:2495',(#252),#253,.F.);
#76=ADVANCED_FACE('0:2492',(#254),#255,.F.);
#77=ADVANCED_FACE('0:2489',(#256),#257,.F.);
#78=ADVANCED_FACE('0:2486',(#258),#259,.F.);
#79=ADVANCED_FACE('0:2483',(#260),#261,.F.);
#80=ADVANCED_FACE('0:2480',(#262),#263,.F.);
#81=ADVANCED_FACE('0:2477',(#264),#265,.F.);
#82=ADVANCED_FACE('0:2474',(#266),#267,.F.);
#83=ADVANCED_FACE('0:2471',(#268),#269,.F.);
#84=ADVANCED_FACE('0:2468',(#270),#271,.F.);
#85=ADVANCED_FACE('0:2465',(#272),#273,.F.);
#86=ADVANCED_FACE('0:2462',(#274),#275,.T.);
#87=ADVANCED_FACE('0:2459',(#276),#277,.T.);
#88=ADVANCED_FACE('0:2456',(#278),#279,.F.);
#89=ADVANCED_FACE('0:2453',(#280),#281,.F.);
#90=ADVANCED_FACE('0:2450',(#282),#283,.F.);
#91=ADVANCED_FACE('0:2447',(#284),#285,.F.);
#92=ADVANCED_FACE('0:2444',(#286),#287,.F.);
#93=ADVANCED_FACE('0:2441',(#288),#289,.T.);
#94=ADVANCED_FACE('0:2441',(#290),#291,.T.);
#95=ADVANCED_FACE('0:2444',(#292),#293,.F.);
#96=ADVANCED_FACE('0:2447',(#294),#295,.F.);
#97=ADVANCED_FACE('0:2450',(#296),#297,.F.);
#98=ADVANCED_FACE('0:2453',(#298),#299,.F.);
#99=ADVANCED_FACE('0:2456',(#300),#301,.F.);
#100=ADVANCED_FACE('0:2459',(#302),#303,.T.);
#101=ADVANCED_FACE('0:2462',(#304),#305,.T.);
#102=ADVANCED_FACE('0:2465',(#306),#307,.F.);
#103=ADVANCED_FACE('0:2468',(#308),#309,.F.);
#104=ADVANCED_FACE('0:2471',(#310),#311,.F.);
#105=ADVANCED_FACE('0:2474',(#312),#313,.F.);
#106=ADVANCED_FACE('0:2477',(#314),#315,.F.);
#107=ADVANCED_FACE('0:2480',(#316),#317,.F.);
#108=ADVANCED_FACE('0:2483',(#318),#319,.F.);
#109=ADVANCED_FACE('0:2486',(#320),#321,.F.);
#110=ADVANCED_FACE('0:2489',(#322),#323,.F.);
#111=ADVANCED_FACE('0:2492',(#324),#325,.F.);
#112=ADVANCED_FACE('0:2495',(#326),#327,.F.);
#113=ADVANCED_FACE('0:2498',(#328),#329,.F.);
#114=ADVANCED_FACE('0:2501',(#330),#331,.F.);
#115=ADVANCED_FACE('0:2504',(#332),#333,.F.);
#116=ADVANCED_FACE('0:2507',(#334),#335,.F.);
#117=ADVANCED_FACE('0:2510',(#336),#337,.F.);
#118=ADVANCED_FACE('0:2513',(#338),#339,.T.);
#119=ADVANCED_FACE('0:2516',(#340),#341,.F.);
#120=ADVANCED_FACE('0:2519',(#342),#343,.T.);
#121=ADVANCED_FACE('0:2522',(#344),#345,.F.);
#122=ADVANCED_FACE('0:2525',(#346),#347,.F.);
#123=ADVANCED_FACE('0:2528',(#348),#349,.F.);
#124=ADVANCED_FACE('0:2531',(#350),#351,.F.);
#125=ADVANCED_FACE('0:2534',(#352),#353,.F.);
#126=ADVANCED_FACE('0:2537',(#354),#355,.F.);
#127=ADVANCED_FACE('0:2540',(#356),#357,.F.);
#128=ADVANCED_FACE('0:2543',(#358),#359,.F.);
#129=ADVANCED_FACE('0:2546',(#360),#361,.F.);
#130=ADVANCED_FACE('0:2549',(#362),#363,.F.);
#131=ADVANCED_FACE('0:2552',(#364),#365,.T.);
#132=ADVANCED_FACE('0:2555',(#366),#367,.F.);
#133=ADVANCED_FACE('0:2558',(#368),#369,.T.);
#134=ADVANCED_FACE('0:2561',(#370),#371,.T.);
#135=ADVANCED_FACE('0:2564',(#372),#373,.T.);
#136=ADVANCED_FACE('0:2567',(#374),#375,.F.);
#137=ADVANCED_FACE('0:2570',(#376,#377),#378,.T.);
#138=ADVANCED_FACE('0:2573',(#379),#380,.F.);
#139=ADVANCED_FACE('0:2576',(#381),#382,.F.);
#140=ADVANCED_FACE('0:2579',(#383),#384,.F.);
#141=ADVANCED_FACE('0:2582',(#385),#386,.F.);
#142=ADVANCED_FACE('0:2585',(#387),#388,.T.);
#143=ADVANCED_FACE('0:2588',(#389),#390,.T.);
#144=ADVANCED_FACE('0:2591',(#391),#392,.F.);
#145=ADVANCED_FACE('0:2594',(#393),#394,.F.);
#146=ADVANCED_FACE('0:2597',(#395),#396,.F.);
#147=ADVANCED_FACE('0:2600',(#397),#398,.F.);
#148=ADVANCED_FACE('0:2603',(#399),#400,.F.);
#149=ADVANCED_FACE('0:2606',(#401),#402,.T.);
#150=ADVANCED_FACE('0:2609',(#403),#404,.F.);
#151=ADVANCED_FACE('0:2612',(#405,#406,#407,#408,#409,#410,#411,#412,#413,#414,#415,#416,#417,#418),#419,.F.);
#152=ADVANCED_FACE('0:2615',(#420),#421,.T.);
#153=ADVANCED_FACE('0:2618',(#422),#423,.T.);
#154=ADVANCED_FACE('0:2621',(#424,#425,#426,#427,#428,#429,#430,#431,#432,#433,#434,#435,#436,#437),#438,.T.);
#155=ADVANCED_FACE('0:2624',(#439),#440,.F.);
#156=ADVANCED_FACE('0:2627',(#441,#442,#443,#444,#445,#446,#447,#448,#449,#450,#451,#452,#453,#454,#455,#456,#457),#458,.T.);
#157=ADVANCED_FACE('0:2630',(#459),#460,.F.);
#158=ADVANCED_FACE('0:2633',(#461,#462,#463,#464,#465,#466),#467,.T.);
#159=ADVANCED_FACE('0:2636',(#468),#469,.T.);
#160=ADVANCED_FACE('0:2639',(#470,#471,#472,#473,#474,#475),#476,.F.);
#161=ADVANCED_FACE('0:2642',(#477),#478,.T.);
#162=ADVANCED_FACE('0:2645',(#479,#480,#481,#482,#483,#484,#485,#486,#487,#488,#489,#490,#491,#492,#493,#494,#495),#496,.F.);
#163=ADVANCED_FACE('0:2648',(#497),#498,.T.);
#164=ADVANCED_FACE('0:2651',(#499),#500,.F.);
#165=ADVANCED_FACE('0:2654',(#501),#502,.F.);
#166=ADVANCED_FACE('0:2657',(#503),#504,.F.);
#167=ADVANCED_FACE('0:2660',(#505),#506,.F.);
#168=ADVANCED_FACE('0:2663',(#507),#508,.F.);
#169=ADVANCED_FACE('0:2666',(#509),#510,.F.);
#170=ADVANCED_FACE('0:2669',(#511),#512,.F.);
#171=ADVANCED_FACE('0:2672',(#513),#514,.F.);
#172=ADVANCED_FACE('0:2675',(#515),#516,.F.);
#173=ADVANCED_FACE('0:2678',(#517),#518,.T.);
#174=ADVANCED_FACE('0:2681',(#519),#520,.F.);
#175=ADVANCED_FACE('0:2684',(#521),#522,.F.);
#176=ADVANCED_FACE('0:2687',(#523),#524,.F.);
#177=ADVANCED_FACE('0:2690',(#525),#526,.F.);
#178=ADVANCED_FACE('0:2693',(#527),#528,.F.);
#179=ADVANCED_FACE('0:2696',(#529),#530,.F.);
#180=ADVANCED_FACE('0:2699',(#531),#532,.F.);
#181=ADVANCED_FACE('0:2702',(#533),#534,.F.);
#182=ADVANCED_FACE('0:2705',(#535),#536,.F.);
#183=ADVANCED_FACE('0:2708',(#537),#538,.F.);
#184=ADVANCED_FACE('0:2711',(#539),#540,.F.);
#185=ADVANCED_FACE('0:2714',(#541),#542,.T.);
#186=ADVANCED_FACE('0:2717',(#543),#544,.F.);
#187=ADVANCED_FACE('0:2720',(#545),#546,.F.);
#188=ADVANCED_FACE('0:2723',(#547),#548,.F.);
#189=ADVANCED_FACE('0:2726',(#549),#550,.F.);
#190=ADVANCED_FACE('0:2729',(#551),#552,.F.);
#191=ADVANCED_FACE('0:2732',(#553),#554,.F.);
#192=ADVANCED_FACE('0:2735',(#555),#556,.F.);
#193=ADVANCED_FACE('0:2738',(#557),#558,.F.);
#194=ADVANCED_FACE('0:2741',(#559),#560,.F.);
#195=ADVANCED_FACE('0:2744',(#561),#562,.F.);
#196=ADVANCED_FACE('0:2747',(#563),#564,.F.);
#197=ADVANCED_FACE('0:2750',(#565),#566,.F.);
#198=ADVANCED_FACE('0:2753',(#567),#568,.F.);
#199=ADVANCED_FACE('0:2756',(#569),#570,.F.);
#200=ADVANCED_FACE('0:2759',(#571),#572,.F.);
#201=ADVANCED_FACE('0:2762',(#573),#574,.F.);
#203=SURFACE_STYLE_FILL_AREA(#575);
#204=FACE_OUTER_BOUND('',#576,.T.);
#205=CYLINDRICAL_SURFACE('',#577,0.001);
#206=FACE_OUTER_BOUND('',#578,.T.);
#207=CYLINDRICAL_SURFACE('',#579,0.0149999999999982);
#208=FACE_OUTER_BOUND('',#580,.T.);
#209=CYLINDRICAL_SURFACE('',#581,0.015);
#210=FACE_OUTER_BOUND('',#582,.T.);
#211=CYLINDRICAL_SURFACE('',#583,0.0282499999999939);
#212=FACE_OUTER_BOUND('',#584,.T.);
#213=CYLINDRICAL_SURFACE('',#585,0.03025);
#214=FACE_OUTER_BOUND('',#586,.T.);
#215=CYLINDRICAL_SURFACE('',#587,0.02825);
#216=FACE_OUTER_BOUND('',#588,.T.);
#217=CYLINDRICAL_SURFACE('',#589,0.03025);
#218=FACE_OUTER_BOUND('',#590,.T.);
#219=CYLINDRICAL_SURFACE('',#591,0.0041);
#220=FACE_OUTER_BOUND('',#592,.T.);
#221=CYLINDRICAL_SURFACE('',#593,0.0041);
#222=FACE_OUTER_BOUND('',#594,.T.);
#223=CYLINDRICAL_SURFACE('',#595,0.0041);
#224=FACE_OUTER_BOUND('',#596,.T.);
#225=CYLINDRICAL_SURFACE('',#597,0.0055);
#226=FACE_OUTER_BOUND('',#598,.T.);
#227=CYLINDRICAL_SURFACE('',#599,0.00425000000000009);
#228=FACE_OUTER_BOUND('',#600,.T.);
#229=CYLINDRICAL_SURFACE('',#601,0.00424999999999998);
#230=FACE_OUTER_BOUND('',#602,.T.);
#231=CYLINDRICAL_SURFACE('',#603,0.00425000000000009);
#232=FACE_OUTER_BOUND('',#604,.T.);
#233=CYLINDRICAL_SURFACE('',#605,0.00424999999999999);
#234=FACE_OUTER_BOUND('',#606,.T.);
#235=CYLINDRICAL_SURFACE('',#607,0.03025);
#236=FACE_OUTER_BOUND('',#608,.T.);
#237=CYLINDRICAL_SURFACE('',#609,0.0282500000000061);
#238=FACE_OUTER_BOUND('',#610,.T.);
#239=CYLINDRICAL_SURFACE('',#611,0.03025);
#240=FACE_OUTER_BOUND('',#612,.T.);
#241=CYLINDRICAL_SURFACE('',#613,0.02825);
#242=FACE_OUTER_BOUND('',#614,.T.);
#243=CYLINDRICAL_SURFACE('',#615,0.00424999999999994);
#244=FACE_OUTER_BOUND('',#616,.T.);
#245=CYLINDRICAL_SURFACE('',#617,0.00424999999999994);
#246=FACE_OUTER_BOUND('',#618,.T.);
#247=CYLINDRICAL_SURFACE('',#619,0.00509999999999982);
#248=FACE_OUTER_BOUND('',#620,.T.);
#249=CYLINDRICAL_SURFACE('',#621,0.00509999999999983);
#250=FACE_OUTER_BOUND('',#622,.T.);
#251=CYLINDRICAL_SURFACE('',#623,0.00249999999999999);
#252=FACE_OUTER_BOUND('',#624,.T.);
#253=CYLINDRICAL_SURFACE('',#625,0.00249999999999999);
#254=FACE_OUTER_BOUND('',#626,.T.);
#255=CYLINDRICAL_SURFACE('',#627,0.00249999999999995);
#256=FACE_OUTER_BOUND('',#628,.T.);
#257=CYLINDRICAL_SURFACE('',#629,0.00249999999999995);
#258=FACE_OUTER_BOUND('',#630,.T.);
#259=CYLINDRICAL_SURFACE('',#631,0.00249999999999995);
#260=FACE_OUTER_BOUND('',#632,.T.);
#261=CYLINDRICAL_SURFACE('',#633,0.00249999999999995);
#262=FACE_OUTER_BOUND('',#634,.T.);
#263=CYLINDRICAL_SURFACE('',#635,0.00249999999999995);
#264=FACE_OUTER_BOUND('',#636,.T.);
#265=CYLINDRICAL_SURFACE('',#637,0.00249999999999995);
#266=FACE_OUTER_BOUND('',#638,.T.);
#267=CYLINDRICAL_SURFACE('',#639,0.00249999999999995);
#268=FACE_OUTER_BOUND('',#640,.T.);
#269=CYLINDRICAL_SURFACE('',#641,0.00249999999999995);
#270=FACE_OUTER_BOUND('',#642,.T.);
#271=CYLINDRICAL_SURFACE('',#643,0.00425000000000017);
#272=FACE_OUTER_BOUND('',#644,.T.);
#273=CYLINDRICAL_SURFACE('',#645,0.00425000000000009);
#274=FACE_OUTER_BOUND('',#646,.T.);
#275=CYLINDRICAL_SURFACE('',#647,0.00799999999999992);
#276=FACE_OUTER_BOUND('',#648,.T.);
#277=CYLINDRICAL_SURFACE('',#649,0.00800000000000008);
#278=FACE_OUTER_BOUND('',#650,.T.);
#279=CYLINDRICAL_SURFACE('',#651,0.00510000000000003);
#280=FACE_OUTER_BOUND('',#652,.T.);
#281=CYLINDRICAL_SURFACE('',#653,0.00425000000000002);
#282=FACE_OUTER_BOUND('',#654,.T.);
#283=CYLINDRICAL_SURFACE('',#655,0.00425000000000002);
#284=FACE_OUTER_BOUND('',#656,.T.);
#285=CYLINDRICAL_SURFACE('',#657,0.00325000000000002);
#286=FACE_OUTER_BOUND('',#658,.T.);
#287=CYLINDRICAL_SURFACE('',#659,0.00325000000000002);
#288=FACE_OUTER_BOUND('',#660,.T.);
#289=CONICAL_SURFACE('',#661,0.0038125,0.124354994546765);
#290=FACE_OUTER_BOUND('',#662,.T.);
#291=CONICAL_SURFACE('',#663,0.0038125,0.124354994546765);
#292=FACE_OUTER_BOUND('',#664,.T.);
#293=CYLINDRICAL_SURFACE('',#665,0.00325000000000002);
#294=FACE_OUTER_BOUND('',#666,.T.);
#295=CYLINDRICAL_SURFACE('',#667,0.00325000000000002);
#296=FACE_OUTER_BOUND('',#668,.T.);
#297=CYLINDRICAL_SURFACE('',#669,0.00425000000000002);
#298=FACE_OUTER_BOUND('',#670,.T.);
#299=CYLINDRICAL_SURFACE('',#671,0.00425000000000002);
#300=FACE_OUTER_BOUND('',#672,.T.);
#301=CYLINDRICAL_SURFACE('',#673,0.00510000000000003);
#302=FACE_OUTER_BOUND('',#674,.T.);
#303=CYLINDRICAL_SURFACE('',#675,0.00800000000000008);
#304=FACE_OUTER_BOUND('',#676,.T.);
#305=CYLINDRICAL_SURFACE('',#677,0.00799999999999992);
#306=FACE_OUTER_BOUND('',#678,.T.);
#307=CYLINDRICAL_SURFACE('',#679,0.00425000000000009);
#308=FACE_OUTER_BOUND('',#680,.T.);
#309=CYLINDRICAL_SURFACE('',#681,0.00425000000000017);
#310=FACE_OUTER_BOUND('',#682,.T.);
#311=CYLINDRICAL_SURFACE('',#683,0.00249999999999995);
#312=FACE_OUTER_BOUND('',#684,.T.);
#313=CYLINDRICAL_SURFACE('',#685,0.00249999999999995);
#314=FACE_OUTER_BOUND('',#686,.T.);
#315=CYLINDRICAL_SURFACE('',#687,0.00249999999999995);
#316=FACE_OUTER_BOUND('',#688,.T.);
#317=CYLINDRICAL_SURFACE('',#689,0.00249999999999995);
#318=FACE_OUTER_BOUND('',#690,.T.);
#319=CYLINDRICAL_SURFACE('',#691,0.00249999999999995);
#320=FACE_OUTER_BOUND('',#692,.T.);
#321=CYLINDRICAL_SURFACE('',#693,0.00249999999999995);
#322=FACE_OUTER_BOUND('',#694,.T.);
#323=CYLINDRICAL_SURFACE('',#695,0.00249999999999995);
#324=FACE_OUTER_BOUND('',#696,.T.);
#325=CYLINDRICAL_SURFACE('',#697,0.00249999999999995);
#326=FACE_OUTER_BOUND('',#698,.T.);
#327=CYLINDRICAL_SURFACE('',#699,0.00249999999999999);
#328=FACE_OUTER_BOUND('',#700,.T.);
#329=CYLINDRICAL_SURFACE('',#701,0.00249999999999999);
#330=FACE_OUTER_BOUND('',#702,.T.);
#331=CYLINDRICAL_SURFACE('',#703,0.00509999999999983);
#332=FACE_OUTER_BOUND('',#704,.T.);
#333=CYLINDRICAL_SURFACE('',#705,0.00509999999999982);
#334=FACE_OUTER_BOUND('',#706,.T.);
#335=CYLINDRICAL_SURFACE('',#707,0.00424999999999994);
#336=FACE_OUTER_BOUND('',#708,.T.);
#337=CYLINDRICAL_SURFACE('',#709,0.00424999999999994);
#338=FACE_OUTER_BOUND('',#710,.T.);
#339=CYLINDRICAL_SURFACE('',#711,0.02825);
#340=FACE_OUTER_BOUND('',#712,.T.);
#341=CYLINDRICAL_SURFACE('',#713,0.03025);
#342=FACE_OUTER_BOUND('',#714,.T.);
#343=CYLINDRICAL_SURFACE('',#715,0.0282500000000061);
#344=FACE_OUTER_BOUND('',#716,.T.);
#345=CYLINDRICAL_SURFACE('',#717,0.03025);
#346=FACE_OUTER_BOUND('',#718,.T.);
#347=CYLINDRICAL_SURFACE('',#719,0.00424999999999999);
#348=FACE_OUTER_BOUND('',#720,.T.);
#349=CYLINDRICAL_SURFACE('',#721,0.00425000000000009);
#350=FACE_OUTER_BOUND('',#722,.T.);
#351=CYLINDRICAL_SURFACE('',#723,0.00424999999999998);
#352=FACE_OUTER_BOUND('',#724,.T.);
#353=CYLINDRICAL_SURFACE('',#725,0.00425000000000009);
#354=FACE_OUTER_BOUND('',#726,.T.);
#355=CYLINDRICAL_SURFACE('',#727,0.0055);
#356=FACE_OUTER_BOUND('',#728,.T.);
#357=CYLINDRICAL_SURFACE('',#729,0.0041);
#358=FACE_OUTER_BOUND('',#730,.T.);
#359=CYLINDRICAL_SURFACE('',#731,0.0041);
#360=FACE_OUTER_BOUND('',#732,.T.);
#361=CYLINDRICAL_SURFACE('',#733,0.0041);
#362=FACE_OUTER_BOUND('',#734,.T.);
#363=CYLINDRICAL_SURFACE('',#735,0.03025);
#364=FACE_OUTER_BOUND('',#736,.T.);
#365=CYLINDRICAL_SURFACE('',#737,0.02825);
#366=FACE_OUTER_BOUND('',#738,.T.);
#367=CYLINDRICAL_SURFACE('',#739,0.03025);
#368=FACE_OUTER_BOUND('',#740,.T.);
#369=CYLINDRICAL_SURFACE('',#741,0.0282499999999939);
#370=FACE_OUTER_BOUND('',#742,.T.);
#371=CYLINDRICAL_SURFACE('',#743,0.015);
#372=FACE_OUTER_BOUND('',#744,.T.);
#373=CYLINDRICAL_SURFACE('',#745,0.0149999999999982);
#374=FACE_OUTER_BOUND('',#746,.T.);
#375=CYLINDRICAL_SURFACE('',#747,0.001);
#376=FACE_OUTER_BOUND('',#748,.T.);
#377=FACE_BOUND('',#749,.T.);
#378=PLANE('',#750);
#379=FACE_OUTER_BOUND('',#751,.T.);
#380=PLANE('',#752);
#381=FACE_OUTER_BOUND('',#753,.T.);
#382=PLANE('',#754);
#383=FACE_OUTER_BOUND('',#755,.T.);
#384=CYLINDRICAL_SURFACE('',#756,0.005);
#385=FACE_OUTER_BOUND('',#757,.T.);
#386=CYLINDRICAL_SURFACE('',#758,0.005);
#387=FACE_OUTER_BOUND('',#759,.T.);
#388=CYLINDRICAL_SURFACE('',#760,0.01);
#389=FACE_OUTER_BOUND('',#761,.T.);
#390=CYLINDRICAL_SURFACE('',#762,0.01);
#391=FACE_OUTER_BOUND('',#763,.T.);
#392=PLANE('',#764);
#393=FACE_OUTER_BOUND('',#765,.T.);
#394=PLANE('',#766);
#395=FACE_OUTER_BOUND('',#767,.T.);
#396=PLANE('',#768);
#397=FACE_OUTER_BOUND('',#769,.T.);
#398=PLANE('',#770);
#399=FACE_OUTER_BOUND('',#771,.T.);
#400=CYLINDRICAL_SURFACE('',#772,0.005);
#401=FACE_OUTER_BOUND('',#773,.T.);
#402=CYLINDRICAL_SURFACE('',#774,0.01);
#403=FACE_OUTER_BOUND('',#775,.T.);
#404=PLANE('',#776);
#405=FACE_OUTER_BOUND('',#777,.T.);
#406=FACE_BOUND('',#778,.T.);
#407=FACE_BOUND('',#779,.T.);
#408=FACE_BOUND('',#780,.T.);
#409=FACE_BOUND('',#781,.T.);
#410=FACE_BOUND('',#782,.T.);
#411=FACE_BOUND('',#783,.T.);
#412=FACE_BOUND('',#784,.T.);
#413=FACE_BOUND('',#785,.T.);
#414=FACE_BOUND('',#786,.T.);
#415=FACE_BOUND('',#787,.T.);
#416=FACE_BOUND('',#788,.T.);
#417=FACE_BOUND('',#789,.T.);
#418=FACE_BOUND('',#790,.T.);
#419=PLANE('',#791);
#420=FACE_OUTER_BOUND('',#792,.T.);
#421=PLANE('',#793);
#422=FACE_OUTER_BOUND('',#794,.T.);
#423=PLANE('',#795);
#424=FACE_OUTER_BOUND('',#796,.T.);
#425=FACE_BOUND('',#797,.T.);
#426=FACE_BOUND('',#798,.T.);
#427=FACE_BOUND('',#799,.T.);
#428=FACE_BOUND('',#800,.T.);
#429=FACE_BOUND('',#801,.T.);
#430=FACE_BOUND('',#802,.T.);
#431=FACE_BOUND('',#803,.T.);
#432=FACE_BOUND('',#804,.T.);
#433=FACE_BOUND('',#805,.T.);
#434=FACE_BOUND('',#806,.T.);
#435=FACE_BOUND('',#807,.T.);
#436=FACE_BOUND('',#808,.T.);
#437=FACE_BOUND('',#809,.T.);
#438=PLANE('',#810);
#439=FACE_OUTER_BOUND('',#811,.T.);
#440=CYLINDRICAL_SURFACE('',#812,0.005);
#441=FACE_OUTER_BOUND('',#813,.T.);
#442=FACE_BOUND('',#814,.T.);
#443=FACE_BOUND('',#815,.T.);
#444=FACE_BOUND('',#816,.T.);
#445=FACE_BOUND('',#817,.T.);
#446=FACE_BOUND('',#818,.T.);
#447=FACE_BOUND('',#819,.T.);
#448=FACE_BOUND('',#820,.T.);
#449=FACE_BOUND('',#821,.T.);
#450=FACE_BOUND('',#822,.T.);
#451=FACE_BOUND('',#823,.T.);
#452=FACE_BOUND('',#824,.T.);
#453=FACE_BOUND('',#825,.T.);
#454=FACE_BOUND('',#826,.T.);
#455=FACE_BOUND('',#827,.T.);
#456=FACE_BOUND('',#828,.T.);
#457=FACE_BOUND('',#829,.T.);
#458=PLANE('',#830);
#459=FACE_OUTER_BOUND('',#831,.T.);
#460=CYLINDRICAL_SURFACE('',#832,0.005);
#461=FACE_OUTER_BOUND('',#833,.T.);
#462=FACE_BOUND('',#834,.T.);
#463=FACE_BOUND('',#835,.T.);
#464=FACE_BOUND('',#836,.T.);
#465=FACE_BOUND('',#837,.T.);
#466=FACE_BOUND('',#838,.T.);
#467=PLANE('',#839);
#468=FACE_OUTER_BOUND('',#840,.T.);
#469=PLANE('',#841);
#470=FACE_OUTER_BOUND('',#842,.T.);
#471=FACE_BOUND('',#843,.T.);
#472=FACE_BOUND('',#844,.T.);
#473=FACE_BOUND('',#845,.T.);
#474=FACE_BOUND('',#846,.T.);
#475=FACE_BOUND('',#847,.T.);
#476=PLANE('',#848);
#477=FACE_OUTER_BOUND('',#849,.T.);
#478=CYLINDRICAL_SURFACE('',#850,0.01);
#479=FACE_OUTER_BOUND('',#851,.T.);
#480=FACE_BOUND('',#852,.T.);
#481=FACE_BOUND('',#853,.T.);
#482=FACE_BOUND('',#854,.T.);
#483=FACE_BOUND('',#855,.T.);
#484=FACE_BOUND('',#856,.T.);
#485=FACE_BOUND('',#857,.T.);
#486=FACE_BOUND('',#858,.T.);
#487=FACE_BOUND('',#859,.T.);
#488=FACE_BOUND('',#860,.T.);
#489=FACE_BOUND('',#861,.T.);
#490=FACE_BOUND('',#862,.T.);
#491=FACE_BOUND('',#863,.T.);
#492=FACE_BOUND('',#864,.T.);
#493=FACE_BOUND('',#865,.T.);
#494=FACE_BOUND('',#866,.T.);
#495=FACE_BOUND('',#867,.T.);
#496=PLANE('',#868);
#497=FACE_OUTER_BOUND('',#869,.T.);
#498=CYLINDRICAL_SURFACE('',#870,0.01);
#499=FACE_OUTER_BOUND('',#871,.T.);
#500=PLANE('',#872);
#501=FACE_OUTER_BOUND('',#873,.T.);
#502=PLANE('',#874);
#503=FACE_OUTER_BOUND('',#875,.T.);
#504=PLANE('',#876);
#505=FACE_OUTER_BOUND('',#877,.T.);
#506=PLANE('',#878);
#507=FACE_OUTER_BOUND('',#879,.T.);
#508=PLANE('',#880);
#509=FACE_OUTER_BOUND('',#881,.T.);
#510=PLANE('',#882);
#511=FACE_OUTER_BOUND('',#883,.T.);
#512=PLANE('',#884);
#513=FACE_OUTER_BOUND('',#885,.T.);
#514=PLANE('',#886);
#515=FACE_OUTER_BOUND('',#887,.T.);
#516=PLANE('',#888);
#517=FACE_OUTER_BOUND('',#889,.T.);
#518=PLANE('',#890);
#519=FACE_OUTER_BOUND('',#891,.T.);
#520=CYLINDRICAL_SURFACE('',#892,0.003);
#521=FACE_OUTER_BOUND('',#893,.T.);
#522=CYLINDRICAL_SURFACE('',#894,0.003);
#523=FACE_OUTER_BOUND('',#895,.T.);
#524=CYLINDRICAL_SURFACE('',#896,0.003);
#525=FACE_OUTER_BOUND('',#897,.T.);
#526=CYLINDRICAL_SURFACE('',#898,0.003);
#527=FACE_OUTER_BOUND('',#899,.T.);
#528=CYLINDRICAL_SURFACE('',#900,0.003);
#529=FACE_OUTER_BOUND('',#901,.T.);
#530=CYLINDRICAL_SURFACE('',#902,0.003);
#531=FACE_OUTER_BOUND('',#903,.T.);
#532=CYLINDRICAL_SURFACE('',#904,0.003);
#533=FACE_OUTER_BOUND('',#905,.T.);
#534=CYLINDRICAL_SURFACE('',#906,0.003);
#535=FACE_OUTER_BOUND('',#907,.T.);
#536=PLANE('',#908);
#537=FACE_OUTER_BOUND('',#909,.T.);
#538=PLANE('',#910);
#539=FACE_OUTER_BOUND('',#911,.T.);
#540=PLANE('',#912);
#541=FACE_OUTER_BOUND('',#913,.T.);
#542=PLANE('',#914);
#543=FACE_OUTER_BOUND('',#915,.T.);
#544=PLANE('',#916);
#545=FACE_OUTER_BOUND('',#917,.T.);
#546=PLANE('',#918);
#547=FACE_OUTER_BOUND('',#919,.T.);
#548=PLANE('',#920);
#549=FACE_OUTER_BOUND('',#921,.T.);
#550=PLANE('',#922);
#551=FACE_OUTER_BOUND('',#923,.T.);
#552=CYLINDRICAL_SURFACE('',#924,0.005);
#553=FACE_OUTER_BOUND('',#925,.T.);
#554=CYLINDRICAL_SURFACE('',#926,0.005);
#555=FACE_OUTER_BOUND('',#927,.T.);
#556=CYLINDRICAL_SURFACE('',#928,0.005);
#557=FACE_OUTER_BOUND('',#929,.T.);
#558=CYLINDRICAL_SURFACE('',#930,0.005);
#559=FACE_OUTER_BOUND('',#931,.T.);
#560=CYLINDRICAL_SURFACE('',#932,0.005);
#561=FACE_OUTER_BOUND('',#933,.T.);
#562=CYLINDRICAL_SURFACE('',#934,0.005);
#563=FACE_OUTER_BOUND('',#935,.T.);
#564=CYLINDRICAL_SURFACE('',#936,0.005);
#565=FACE_OUTER_BOUND('',#937,.T.);
#566=CYLINDRICAL_SURFACE('',#938,0.005);
#567=FACE_OUTER_BOUND('',#939,.T.);
#568=CYLINDRICAL_SURFACE('',#940,0.005);
#569=FACE_OUTER_BOUND('',#941,.T.);
#570=CYLINDRICAL_SURFACE('',#942,0.005);
#571=FACE_OUTER_BOUND('',#943,.T.);
#572=CYLINDRICAL_SURFACE('',#944,0.005);
#573=FACE_OUTER_BOUND('',#945,.T.);
#574=CYLINDRICAL_SURFACE('',#946,0.005);
#575=FILL_AREA_STYLE('',(#947));
#576=EDGE_LOOP('',(#948,#949,#950,#951));
#577=AXIS2_PLACEMENT_3D('',#952,#953,#954);
#578=EDGE_LOOP('',(#955,#956,#957,#958));
#579=AXIS2_PLACEMENT_3D('',#959,#960,#961);
#580=EDGE_LOOP('',(#962,#963,#964,#965));
#581=AXIS2_PLACEMENT_3D('',#966,#967,#968);
#582=EDGE_LOOP('',(#969,#970,#971,#972));
#583=AXIS2_PLACEMENT_3D('',#973,#974,#975);
#584=EDGE_LOOP('',(#976,#977,#978,#979));
#585=AXIS2_PLACEMENT_3D('',#980,#981,#982);
#586=EDGE_LOOP('',(#983,#984,#985,#986));
#587=AXIS2_PLACEMENT_3D('',#987,#988,#989);
#588=EDGE_LOOP('',(#990,#991,#992,#993));
#589=AXIS2_PLACEMENT_3D('',#994,#995,#996);
#590=EDGE_LOOP('',(#997,#998,#999,#1000));
#591=AXIS2_PLACEMENT_3D('',#1001,#1002,#1003);
#592=EDGE_LOOP('',(#1004,#1005,#1006,#1007));
#593=AXIS2_PLACEMENT_3D('',#1008,#1009,#1010);
#594=EDGE_LOOP('',(#1011,#1012,#1013,#1014));
#595=AXIS2_PLACEMENT_3D('',#1015,#1016,#1017);
#596=EDGE_LOOP('',(#1018,#1019,#1020,#1021));
#597=AXIS2_PLACEMENT_3D('',#1022,#1023,#1024);
#598=EDGE_LOOP('',(#1025,#1026,#1027,#1028));
#599=AXIS2_PLACEMENT_3D('',#1029,#1030,#1031);
#600=EDGE_LOOP('',(#1032,#1033,#1034,#1035));
#601=AXIS2_PLACEMENT_3D('',#1036,#1037,#1038);
#602=EDGE_LOOP('',(#1039,#1040,#1041,#1042));
#603=AXIS2_PLACEMENT_3D('',#1043,#1044,#1045);
#604=EDGE_LOOP('',(#1046,#1047,#1048,#1049));
#605=AXIS2_PLACEMENT_3D('',#1050,#1051,#1052);
#606=EDGE_LOOP('',(#1053,#1054,#1055,#1056));
#607=AXIS2_PLACEMENT_3D('',#1057,#1058,#1059);
#608=EDGE_LOOP('',(#1060,#1061,#1062,#1063));
#609=AXIS2_PLACEMENT_3D('',#1064,#1065,#1066);
#610=EDGE_LOOP('',(#1067,#1068,#1069,#1070));
#611=AXIS2_PLACEMENT_3D('',#1071,#1072,#1073);
#612=EDGE_LOOP('',(#1074,#1075,#1076,#1077));
#613=AXIS2_PLACEMENT_3D('',#1078,#1079,#1080);
#614=EDGE_LOOP('',(#1081,#1082,#1083,#1084));
#615=AXIS2_PLACEMENT_3D('',#1085,#1086,#1087);
#616=EDGE_LOOP('',(#1088,#1089,#1090,#1091));
#617=AXIS2_PLACEMENT_3D('',#1092,#1093,#1094);
#618=EDGE_LOOP('',(#1095,#1096,#1097,#1098));
#619=AXIS2_PLACEMENT_3D('',#1099,#1100,#1101);
#620=EDGE_LOOP('',(#1102,#1103,#1104,#1105));
#621=AXIS2_PLACEMENT_3D('',#1106,#1107,#1108);
#622=EDGE_LOOP('',(#1109,#1110,#1111,#1112));
#623=AXIS2_PLACEMENT_3D('',#1113,#1114,#1115);
#624=EDGE_LOOP('',(#1116,#1117,#1118,#1119));
#625=AXIS2_PLACEMENT_3D('',#1120,#1121,#1122);
#626=EDGE_LOOP('',(#1123,#1124,#1125,#1126));
#627=AXIS2_PLACEMENT_3D('',#1127,#1128,#1129);
#628=EDGE_LOOP('',(#1130,#1131,#1132,#1133));
#629=AXIS2_PLACEMENT_3D('',#1134,#1135,#1136);
#630=EDGE_LOOP('',(#1137,#1138,#1139,#1140));
#631=AXIS2_PLACEMENT_3D('',#1141,#1142,#1143);
#632=EDGE_LOOP('',(#1144,#1145,#1146,#1147));
#633=AXIS2_PLACEMENT_3D('',#1148,#1149,#1150);
#634=EDGE_LOOP('',(#1151,#1152,#1153,#1154));
#635=AXIS2_PLACEMENT_3D('',#1155,#1156,#1157);
#636=EDGE_LOOP('',(#1158,#1159,#1160,#1161));
#637=AXIS2_PLACEMENT_3D('',#1162,#1163,#1164);
#638=EDGE_LOOP('',(#1165,#1166,#1167,#1168));
#639=AXIS2_PLACEMENT_3D('',#1169,#1170,#1171);
#640=EDGE_LOOP('',(#1172,#1173,#1174,#1175));
#641=AXIS2_PLACEMENT_3D('',#1176,#1177,#1178);
#642=EDGE_LOOP('',(#1179,#1180,#1181,#1182));
#643=AXIS2_PLACEMENT_3D('',#1183,#1184,#1185);
#644=EDGE_LOOP('',(#1186,#1187,#1188,#1189));
#645=AXIS2_PLACEMENT_3D('',#1190,#1191,#1192);
#646=EDGE_LOOP('',(#1193,#1194,#1195,#1196));
#647=AXIS2_PLACEMENT_3D('',#1197,#1198,#1199);
#648=EDGE_LOOP('',(#1200,#1201,#1202,#1203));
#649=AXIS2_PLACEMENT_3D('',#1204,#1205,#1206);
#650=EDGE_LOOP('',(#1207,#1208,#1209,#1210));
#651=AXIS2_PLACEMENT_3D('',#1211,#1212,#1213);
#652=EDGE_LOOP('',(#1214,#1215,#1216,#1217));
#653=AXIS2_PLACEMENT_3D('',#1218,#1219,#1220);
#654=EDGE_LOOP('',(#1221,#1222,#1223,#1224));
#655=AXIS2_PLACEMENT_3D('',#1225,#1226,#1227);
#656=EDGE_LOOP('',(#1228,#1229,#1230,#1231));
#657=AXIS2_PLACEMENT_3D('',#1232,#1233,#1234);
#658=EDGE_LOOP('',(#1235,#1236,#1237,#1238));
#659=AXIS2_PLACEMENT_3D('',#1239,#1240,#1241);
#660=EDGE_LOOP('',(#1242,#1243,#1244,#1245));
#661=AXIS2_PLACEMENT_3D('',#1246,#1247,#1248);
#662=EDGE_LOOP('',(#1249,#1250,#1251,#1252));
#663=AXIS2_PLACEMENT_3D('',#1253,#1254,#1255);
#664=EDGE_LOOP('',(#1256,#1257,#1258,#1259));
#665=AXIS2_PLACEMENT_3D('',#1260,#1261,#1262);
#666=EDGE_LOOP('',(#1263,#1264,#1265,#1266));
#667=AXIS2_PLACEMENT_3D('',#1267,#1268,#1269);
#668=EDGE_LOOP('',(#1270,#1271,#1272,#1273));
#669=AXIS2_PLACEMENT_3D('',#1274,#1275,#1276);
#670=EDGE_LOOP('',(#1277,#1278,#1279,#1280));
#671=AXIS2_PLACEMENT_3D('',#1281,#1282,#1283);
#672=EDGE_LOOP('',(#1284,#1285,#1286,#1287));
#673=AXIS2_PLACEMENT_3D('',#1288,#1289,#1290);
#674=EDGE_LOOP('',(#1291,#1292,#1293,#1294));
#675=AXIS2_PLACEMENT_3D('',#1295,#1296,#1297);
#676=EDGE_LOOP('',(#1298,#1299,#1300,#1301));
#677=AXIS2_PLACEMENT_3D('',#1302,#1303,#1304);
#678=EDGE_LOOP('',(#1305,#1306,#1307,#1308));
#679=AXIS2_PLACEMENT_3D('',#1309,#1310,#1311);
#680=EDGE_LOOP('',(#1312,#1313,#1314,#1315));
#681=AXIS2_PLACEMENT_3D('',#1316,#1317,#1318);
#682=EDGE_LOOP('',(#1319,#1320,#1321,#1322));
#683=AXIS2_PLACEMENT_3D('',#1323,#1324,#1325);
#684=EDGE_LOOP('',(#1326,#1327,#1328,#1329));
#685=AXIS2_PLACEMENT_3D('',#1330,#1331,#1332);
#686=EDGE_LOOP('',(#1333,#1334,#1335,#1336));
#687=AXIS2_PLACEMENT_3D('',#1337,#1338,#1339);
#688=EDGE_LOOP('',(#1340,#1341,#1342,#1343));
#689=AXIS2_PLACEMENT_3D('',#1344,#1345,#1346);
#690=EDGE_LOOP('',(#1347,#1348,#1349,#1350));
#691=AXIS2_PLACEMENT_3D('',#1351,#1352,#1353);
#692=EDGE_LOOP('',(#1354,#1355,#1356,#1357));
#693=AXIS2_PLACEMENT_3D('',#1358,#1359,#1360);
#694=EDGE_LOOP('',(#1361,#1362,#1363,#1364));
#695=AXIS2_PLACEMENT_3D('',#1365,#1366,#1367);
#696=EDGE_LOOP('',(#1368,#1369,#1370,#1371));
#697=AXIS2_PLACEMENT_3D('',#1372,#1373,#1374);
#698=EDGE_LOOP('',(#1375,#1376,#1377,#1378));
#699=AXIS2_PLACEMENT_3D('',#1379,#1380,#1381);
#700=EDGE_LOOP('',(#1382,#1383,#1384,#1385));
#701=AXIS2_PLACEMENT_3D('',#1386,#1387,#1388);
#702=EDGE_LOOP('',(#1389,#1390,#1391,#1392));
#703=AXIS2_PLACEMENT_3D('',#1393,#1394,#1395);
#704=EDGE_LOOP('',(#1396,#1397,#1398,#1399));
#705=AXIS2_PLACEMENT_3D('',#1400,#1401,#1402);
#706=EDGE_LOOP('',(#1403,#1404,#1405,#1406));
#707=AXIS2_PLACEMENT_3D('',#1407,#1408,#1409);
#708=EDGE_LOOP('',(#1410,#1411,#1412,#1413));
#709=AXIS2_PLACEMENT_3D('',#1414,#1415,#1416);
#710=EDGE_LOOP('',(#1417,#1418,#1419,#1420));
#711=AXIS2_PLACEMENT_3D('',#1421,#1422,#1423);
#712=EDGE_LOOP('',(#1424,#1425,#1426,#1427));
#713=AXIS2_PLACEMENT_3D('',#1428,#1429,#1430);
#714=EDGE_LOOP('',(#1431,#1432,#1433,#1434));
#715=AXIS2_PLACEMENT_3D('',#1435,#1436,#1437);
#716=EDGE_LOOP('',(#1438,#1439,#1440,#1441));
#717=AXIS2_PLACEMENT_3D('',#1442,#1443,#1444);
#718=EDGE_LOOP('',(#1445,#1446,#1447,#1448));
#719=AXIS2_PLACEMENT_3D('',#1449,#1450,#1451);
#720=EDGE_LOOP('',(#1452,#1453,#1454,#1455));
#721=AXIS2_PLACEMENT_3D('',#1456,#1457,#1458);
#722=EDGE_LOOP('',(#1459,#1460,#1461,#1462));
#723=AXIS2_PLACEMENT_3D('',#1463,#1464,#1465);
#724=EDGE_LOOP('',(#1466,#1467,#1468,#1469));
#725=AXIS2_PLACEMENT_3D('',#1470,#1471,#1472);
#726=EDGE_LOOP('',(#1473,#1474,#1475,#1476));
#727=AXIS2_PLACEMENT_3D('',#1477,#1478,#1479);
#728=EDGE_LOOP('',(#1480,#1481,#1482,#1483));
#729=AXIS2_PLACEMENT_3D('',#1484,#1485,#1486);
#730=EDGE_LOOP('',(#1487,#1488,#1489,#1490));
#731=AXIS2_PLACEMENT_3D('',#1491,#1492,#1493);
#732=EDGE_LOOP('',(#1494,#1495,#1496,#1497));
#733=AXIS2_PLACEMENT_3D('',#1498,#1499,#1500);
#734=EDGE_LOOP('',(#1501,#1502,#1503,#1504));
#735=AXIS2_PLACEMENT_3D('',#1505,#1506,#1507);
#736=EDGE_LOOP('',(#1508,#1509,#1510,#1511));
#737=AXIS2_PLACEMENT_3D('',#1512,#1513,#1514);
#738=EDGE_LOOP('',(#1515,#1516,#1517,#1518));
#739=AXIS2_PLACEMENT_3D('',#1519,#1520,#1521);
#740=EDGE_LOOP('',(#1522,#1523,#1524,#1525));
#741=AXIS2_PLACEMENT_3D('',#1526,#1527,#1528);
#742=EDGE_LOOP('',(#1529,#1530,#1531,#1532));
#743=AXIS2_PLACEMENT_3D('',#1533,#1534,#1535);
#744=EDGE_LOOP('',(#1536,#1537,#1538,#1539));
#745=AXIS2_PLACEMENT_3D('',#1540,#1541,#1542);
#746=EDGE_LOOP('',(#1543,#1544,#1545,#1546));
#747=AXIS2_PLACEMENT_3D('',#1547,#1548,#1549);
#748=EDGE_LOOP('',(#1550,#1551));
#749=EDGE_LOOP('',(#1552,#1553));
#750=AXIS2_PLACEMENT_3D('',#1554,#1555,#1556);
#751=EDGE_LOOP('',(#1557,#1558,#1559,#1560));
#752=AXIS2_PLACEMENT_3D('',#1561,#1562,#1563);
#753=EDGE_LOOP('',(#1564,#1565,#1566,#1567));
#754=AXIS2_PLACEMENT_3D('',#1568,#1569,#1570);
#755=EDGE_LOOP('',(#1571,#1572,#1573,#1574));
#756=AXIS2_PLACEMENT_3D('',#1575,#1576,#1577);
#757=EDGE_LOOP('',(#1578,#1579,#1580,#1581));
#758=AXIS2_PLACEMENT_3D('',#1582,#1583,#1584);
#759=EDGE_LOOP('',(#1585,#1586,#1587,#1588));
#760=AXIS2_PLACEMENT_3D('',#1589,#1590,#1591);
#761=EDGE_LOOP('',(#1592,#1593,#1594,#1595));
#762=AXIS2_PLACEMENT_3D('',#1596,#1597,#1598);
#763=EDGE_LOOP('',(#1599,#1600,#1601,#1602));
#764=AXIS2_PLACEMENT_3D('',#1603,#1604,#1605);
#765=EDGE_LOOP('',(#1606,#1607,#1608,#1609));
#766=AXIS2_PLACEMENT_3D('',#1610,#1611,#1612);
#767=EDGE_LOOP('',(#1613,#1614,#1615,#1616,#1617,#1618));
#768=AXIS2_PLACEMENT_3D('',#1619,#1620,#1621);
#769=EDGE_LOOP('',(#1622,#1623,#1624,#1625,#1626,#1627));
#770=AXIS2_PLACEMENT_3D('',#1628,#1629,#1630);
#771=EDGE_LOOP('',(#1631,#1632,#1633,#1634));
#772=AXIS2_PLACEMENT_3D('',#1635,#1636,#1637);
#773=EDGE_LOOP('',(#1638,#1639,#1640,#1641));
#774=AXIS2_PLACEMENT_3D('',#1642,#1643,#1644);
#775=EDGE_LOOP('',(#1645,#1646,#1647,#1648,#1649,#1650,#1651,#1652,#1653,#1654,#1655,#1656));
#776=AXIS2_PLACEMENT_3D('',#1657,#1658,#1659);
#777=EDGE_LOOP('',(#1660,#1661,#1662,#1663,#1664,#1665,#1666,#1667,#1668,#1669,#1670,#1671));
#778=EDGE_LOOP('',(#1672,#1673));
#779=EDGE_LOOP('',(#1674,#1675));
#780=EDGE_LOOP('',(#1676,#1677));
#781=EDGE_LOOP('',(#1678,#1679));
#782=EDGE_LOOP('',(#1680,#1681));
#783=EDGE_LOOP('',(#1682,#1683));
#784=EDGE_LOOP('',(#1684,#1685));
#785=EDGE_LOOP('',(#1686,#1687));
#786=EDGE_LOOP('',(#1688,#1689));
#787=EDGE_LOOP('',(#1690,#1691));
#788=EDGE_LOOP('',(#1692,#1693));
#789=EDGE_LOOP('',(#1694,#1695));
#790=EDGE_LOOP('',(#1696,#1697));
#791=AXIS2_PLACEMENT_3D('',#1698,#1699,#1700);
#792=EDGE_LOOP('',(#1701,#1702,#1703,#1704,#1705,#1706,#1707,#1708,#1709,#1710,#1711,#1712));
#793=AXIS2_PLACEMENT_3D('',#1713,#1714,#1715);
#794=EDGE_LOOP('',(#1716,#1717,#1718,#1719));
#795=AXIS2_PLACEMENT_3D('',#1720,#1721,#1722);
#796=EDGE_LOOP('',(#1723,#1724,#1725,#1726,#1727,#1728,#1729,#1730,#1731,#1732,#1733,#1734));
#797=EDGE_LOOP('',(#1735,#1736));
#798=EDGE_LOOP('',(#1737,#1738));
#799=EDGE_LOOP('',(#1739,#1740));
#800=EDGE_LOOP('',(#1741,#1742));
#801=EDGE_LOOP('',(#1743,#1744));
#802=EDGE_LOOP('',(#1745,#1746));
#803=EDGE_LOOP('',(#1747,#1748));
#804=EDGE_LOOP('',(#1749,#1750));
#805=EDGE_LOOP('',(#1751,#1752));
#806=EDGE_LOOP('',(#1753,#1754));
#807=EDGE_LOOP('',(#1755,#1756));
#808=EDGE_LOOP('',(#1757,#1758));
#809=EDGE_LOOP('',(#1759,#1760));
#810=AXIS2_PLACEMENT_3D('',#1761,#1762,#1763);
#811=EDGE_LOOP('',(#1764,#1765,#1766,#1767));
#812=AXIS2_PLACEMENT_3D('',#1768,#1769,#1770);
#813=EDGE_LOOP('',(#1771,#1772,#1773,#1774,#1775,#1776,#1777,#1778,#1779,#1780,#1781,#1782,#1783,#1784,#1785,#1786,#1787,#1788,#1789,#1790,#1791,#1792,#1793,#1794,#1795,#1796,#1797,#1798,#1799,#1800,#1801,#1802,#1803,#1804,#1805,#1806));
#814=EDGE_LOOP('',(#1807,#1808));
#815=EDGE_LOOP('',(#1809,#1810));
#816=EDGE_LOOP('',(#1811,#1812));
#817=EDGE_LOOP('',(#1813,#1814));
#818=EDGE_LOOP('',(#1815,#1816));
#819=EDGE_LOOP('',(#1817,#1818));
#820=EDGE_LOOP('',(#1819,#1820));
#821=EDGE_LOOP('',(#1821,#1822,#1823,#1824,#1825,#1826));
#822=EDGE_LOOP('',(#1827,#1828,#1829,#1830,#1831,#1832));
#823=EDGE_LOOP('',(#1833,#1834,#1835,#1836,#1837,#1838));
#824=EDGE_LOOP('',(#1839,#1840,#1841,#1842,#1843,#1844));
#825=EDGE_LOOP('',(#1845,#1846));
#826=EDGE_LOOP('',(#1847,#1848));
#827=EDGE_LOOP('',(#1849,#1850));
#828=EDGE_LOOP('',(#1851,#1852));
#829=EDGE_LOOP('',(#1853,#1854));
#830=AXIS2_PLACEMENT_3D('',#1855,#1856,#1857);
#831=EDGE_LOOP('',(#1858,#1859,#1860,#1861));
#832=AXIS2_PLACEMENT_3D('',#1862,#1863,#1864);
#833=EDGE_LOOP('',(#1865,#1866,#1867,#1868,#1869,#1870,#1871,#1872,#1873,#1874));
#834=EDGE_LOOP('',(#1875,#1876));
#835=EDGE_LOOP('',(#1877,#1878));
#836=EDGE_LOOP('',(#1879,#1880));
#837=EDGE_LOOP('',(#1881,#1882));
#838=EDGE_LOOP('',(#1883,#1884));
#839=AXIS2_PLACEMENT_3D('',#1885,#1886,#1887);
#840=EDGE_LOOP('',(#1888,#1889,#1890,#1891));
#841=AXIS2_PLACEMENT_3D('',#1892,#1893,#1894);
#842=EDGE_LOOP('',(#1895,#1896,#1897,#1898,#1899,#1900,#1901,#1902,#1903,#1904));
#843=EDGE_LOOP('',(#1905,#1906));
#844=EDGE_LOOP('',(#1907,#1908));
#845=EDGE_LOOP('',(#1909,#1910));
#846=EDGE_LOOP('',(#1911,#1912));
#847=EDGE_LOOP('',(#1913,#1914));
#848=AXIS2_PLACEMENT_3D('',#1915,#1916,#1917);
#849=EDGE_LOOP('',(#1918,#1919,#1920,#1921));
#850=AXIS2_PLACEMENT_3D('',#1922,#1923,#1924);
#851=EDGE_LOOP('',(#1925,#1926,#1927,#1928,#1929,#1930,#1931,#1932,#1933,#1934,#1935,#1936,#1937,#1938,#1939,#1940,#1941,#1942,#1943,#1944,#1945,#1946,#1947,#1948,#1949,#1950,#1951,#1952,#1953,#1954,#1955,#1956,#1957,#1958,#1959,#1960));
#852=EDGE_LOOP('',(#1961,#1962));
#853=EDGE_LOOP('',(#1963,#1964));
#854=EDGE_LOOP('',(#1965,#1966));
#855=EDGE_LOOP('',(#1967,#1968));
#856=EDGE_LOOP('',(#1969,#1970));
#857=EDGE_LOOP('',(#1971,#1972));
#858=EDGE_LOOP('',(#1973,#1974));
#859=EDGE_LOOP('',(#1975,#1976,#1977,#1978,#1979,#1980));
#860=EDGE_LOOP('',(#1981,#1982,#1983,#1984,#1985,#1986));
#861=EDGE_LOOP('',(#1987,#1988,#1989,#1990,#1991,#1992));
#862=EDGE_LOOP('',(#1993,#1994,#1995,#1996,#1997,#1998));
#863=EDGE_LOOP('',(#1999,#2000));
#864=EDGE_LOOP('',(#2001,#2002));
#865=EDGE_LOOP('',(#2003,#2004));
#866=EDGE_LOOP('',(#2005,#2006));
#867=EDGE_LOOP('',(#2007,#2008));
#868=AXIS2_PLACEMENT_3D('',#2009,#2010,#2011);
#869=EDGE_LOOP('',(#2012,#2013,#2014,#2015));
#870=AXIS2_PLACEMENT_3D('',#2016,#2017,#2018);
#871=EDGE_LOOP('',(#2019,#2020,#2021,#2022));
#872=AXIS2_PLACEMENT_3D('',#2023,#2024,#2025);
#873=EDGE_LOOP('',(#2026,#2027,#2028,#2029));
#874=AXIS2_PLACEMENT_3D('',#2030,#2031,#2032);
#875=EDGE_LOOP('',(#2033,#2034,#2035,#2036));
#876=AXIS2_PLACEMENT_3D('',#2037,#2038,#2039);
#877=EDGE_LOOP('',(#2040,#2041,#2042,#2043));
#878=AXIS2_PLACEMENT_3D('',#2044,#2045,#2046);
#879=EDGE_LOOP('',(#2047,#2048,#2049,#2050));
#880=AXIS2_PLACEMENT_3D('',#2051,#2052,#2053);
#881=EDGE_LOOP('',(#2054,#2055,#2056,#2057));
#882=AXIS2_PLACEMENT_3D('',#2058,#2059,#2060);
#883=EDGE_LOOP('',(#2061,#2062,#2063,#2064));
#884=AXIS2_PLACEMENT_3D('',#2065,#2066,#2067);
#885=EDGE_LOOP('',(#2068,#2069,#2070,#2071));
#886=AXIS2_PLACEMENT_3D('',#2072,#2073,#2074);
#887=EDGE_LOOP('',(#2075,#2076,#2077,#2078));
#888=AXIS2_PLACEMENT_3D('',#2079,#2080,#2081);
#889=EDGE_LOOP('',(#2082,#2083,#2084,#2085));
#890=AXIS2_PLACEMENT_3D('',#2086,#2087,#2088);
#891=EDGE_LOOP('',(#2089,#2090,#2091,#2092));
#892=AXIS2_PLACEMENT_3D('',#2093,#2094,#2095);
#893=EDGE_LOOP('',(#2096,#2097,#2098,#2099));
#894=AXIS2_PLACEMENT_3D('',#2100,#2101,#2102);
#895=EDGE_LOOP('',(#2103,#2104,#2105,#2106));
#896=AXIS2_PLACEMENT_3D('',#2107,#2108,#2109);
#897=EDGE_LOOP('',(#2110,#2111,#2112,#2113));
#898=AXIS2_PLACEMENT_3D('',#2114,#2115,#2116);
#899=EDGE_LOOP('',(#2117,#2118,#2119,#2120));
#900=AXIS2_PLACEMENT_3D('',#2121,#2122,#2123);
#901=EDGE_LOOP('',(#2124,#2125,#2126,#2127));
#902=AXIS2_PLACEMENT_3D('',#2128,#2129,#2130);
#903=EDGE_LOOP('',(#2131,#2132,#2133,#2134));
#904=AXIS2_PLACEMENT_3D('',#2135,#2136,#2137);
#905=EDGE_LOOP('',(#2138,#2139,#2140,#2141));
#906=AXIS2_PLACEMENT_3D('',#2142,#2143,#2144);
#907=EDGE_LOOP('',(#2145,#2146,#2147,#2148));
#908=AXIS2_PLACEMENT_3D('',#2149,#2150,#2151);
#909=EDGE_LOOP('',(#2152,#2153,#2154,#2155));
#910=AXIS2_PLACEMENT_3D('',#2156,#2157,#2158);
#911=EDGE_LOOP('',(#2159,#2160,#2161,#2162));
#912=AXIS2_PLACEMENT_3D('',#2163,#2164,#2165);
#913=EDGE_LOOP('',(#2166,#2167,#2168,#2169));
#914=AXIS2_PLACEMENT_3D('',#2170,#2171,#2172);
#915=EDGE_LOOP('',(#2173,#2174,#2175,#2176));
#916=AXIS2_PLACEMENT_3D('',#2177,#2178,#2179);
#917=EDGE_LOOP('',(#2180,#2181,#2182,#2183));
#918=AXIS2_PLACEMENT_3D('',#2184,#2185,#2186);
#919=EDGE_LOOP('',(#2187,#2188,#2189,#2190));
#920=AXIS2_PLACEMENT_3D('',#2191,#2192,#2193);
#921=EDGE_LOOP('',(#2194,#2195,#2196,#2197));
#922=AXIS2_PLACEMENT_3D('',#2198,#2199,#2200);
#923=EDGE_LOOP('',(#2201,#2202,#2203,#2204));
#924=AXIS2_PLACEMENT_3D('',#2205,#2206,#2207);
#925=EDGE_LOOP('',(#2208,#2209,#2210,#2211));
#926=AXIS2_PLACEMENT_3D('',#2212,#2213,#2214);
#927=EDGE_LOOP('',(#2215,#2216,#2217,#2218));
#928=AXIS2_PLACEMENT_3D('',#2219,#2220,#2221);
#929=EDGE_LOOP('',(#2222,#2223,#2224,#2225));
#930=AXIS2_PLACEMENT_3D('',#2226,#2227,#2228);
#931=EDGE_LOOP('',(#2229,#2230,#2231,#2232));
#932=AXIS2_PLACEMENT_3D('',#2233,#2234,#2235);
#933=EDGE_LOOP('',(#2236,#2237,#2238,#2239));
#934=AXIS2_PLACEMENT_3D('',#2240,#2241,#2242);
#935=EDGE_LOOP('',(#2243,#2244,#2245,#2246));
#936=AXIS2_PLACEMENT_3D('',#2247,#2248,#2249);
#937=EDGE_LOOP('',(#2250,#2251,#2252,#2253));
#938=AXIS2_PLACEMENT_3D('',#2254,#2255,#2256);
#939=EDGE_LOOP('',(#2257,#2258,#2259,#2260));
#940=AXIS2_PLACEMENT_3D('',#2261,#2262,#2263);
#941=EDGE_LOOP('',(#2264,#2265,#2266,#2267));
#942=AXIS2_PLACEMENT_3D('',#2268,#2269,#2270);
#943=EDGE_LOOP('',(#2271,#2272,#2273,#2274));
#944=AXIS2_PLACEMENT_3D('',#2275,#2276,#2277);
#945=EDGE_LOOP('',(#2278,#2279,#2280,#2281));
#946=AXIS2_PLACEMENT_3D('',#2282,#2283,#2284);
#947=FILL_AREA_STYLE_COLOUR('',#2285);
#948=ORIENTED_EDGE('',*,*,#2286,.F.);
#949=ORIENTED_EDGE('',*,*,#2287,.T.);
#950=ORIENTED_EDGE('',*,*,#2288,.F.);
#951=ORIENTED_EDGE('',*,*,#2289,.T.);
#952=CARTESIAN_POINT('',(-0.05,1.718,0.035));
#953=DIRECTION('',(1.0,-0.0,0.0));
#954=DIRECTION('',(0.0,0.0,1.0));
#955=ORIENTED_EDGE('',*,*,#2290,.F.);
#956=ORIENTED_EDGE('',*,*,#2291,.F.);
#957=ORIENTED_EDGE('',*,*,#2292,.T.);
#958=ORIENTED_EDGE('',*,*,#2293,.T.);
#959=CARTESIAN_POINT('',(0.0300000000000017,0.9225,0.00499999999999999));
#960=DIRECTION('',(1.73472347597701E-16,0.0,1.0));
#961=DIRECTION('',(-1.0,0.0,1.73472347597701E-16));
#962=ORIENTED_EDGE('',*,*,#2294,.F.);
#963=ORIENTED_EDGE('',*,*,#2295,.F.);
#964=ORIENTED_EDGE('',*,*,#2296,.T.);
#965=ORIENTED_EDGE('',*,*,#2297,.T.);
#966=CARTESIAN_POINT('',(0.0320000000000017,0.959,0.00499999999999999));
#967=DIRECTION('',(1.73472347597681E-16,0.0,1.0));
#968=DIRECTION('',(-1.0,0.0,1.73472347597681E-16));
#969=ORIENTED_EDGE('',*,*,#2298,.F.);
#970=ORIENTED_EDGE('',*,*,#2299,.T.);
#971=ORIENTED_EDGE('',*,*,#2300,.F.);
#972=ORIENTED_EDGE('',*,*,#2301,.F.);
#973=CARTESIAN_POINT('',(-3.03895376543438E-16,0.195,-1.73472347597681E-17));
#974=DIRECTION('',(0.0,0.0,-1.0));
#975=DIRECTION('',(1.0,0.0,0.0));
#976=ORIENTED_EDGE('',*,*,#2302,.F.);
#977=ORIENTED_EDGE('',*,*,#2303,.F.);
#978=ORIENTED_EDGE('',*,*,#2304,.T.);
#979=ORIENTED_EDGE('',*,*,#2305,.T.);
#980=CARTESIAN_POINT('',(5.92320171441889E-15,0.195,-1.73472347597681E-17));
#981=DIRECTION('',(0.0,0.0,-1.0));
#982=DIRECTION('',(1.0,0.0,0.0));
#983=ORIENTED_EDGE('',*,*,#2306,.F.);
#984=ORIENTED_EDGE('',*,*,#2307,.T.);
#985=ORIENTED_EDGE('',*,*,#2308,.F.);
#986=ORIENTED_EDGE('',*,*,#2309,.F.);
#987=CARTESIAN_POINT('',(1.46226802221639E-14,0.6175,-1.73472347597681E-17));
#988=DIRECTION('',(0.0,0.0,-1.0));
#989=DIRECTION('',(1.0,0.0,0.0));
#990=ORIENTED_EDGE('',*,*,#2310,.F.);
#991=ORIENTED_EDGE('',*,*,#2311,.F.);
#992=ORIENTED_EDGE('',*,*,#2312,.T.);
#993=ORIENTED_EDGE('',*,*,#2313,.T.);
#994=CARTESIAN_POINT('',(1.46226802221639E-14,0.6175,-1.73472347597681E-17));
#995=DIRECTION('',(0.0,0.0,-1.0));
#996=DIRECTION('',(1.0,0.0,0.0));
#997=ORIENTED_EDGE('',*,*,#2314,.F.);
#998=ORIENTED_EDGE('',*,*,#2315,.T.);
#999=ORIENTED_EDGE('',*,*,#2316,.F.);
#1000=ORIENTED_EDGE('',*,*,#2317,.F.);
#1001=CARTESIAN_POINT('',(0.01,1.193,0.00499999999999999));
#1002=DIRECTION('',(0.0,0.0,-1.0));
#1003=DIRECTION('',(1.0,0.0,0.0));
#1004=ORIENTED_EDGE('',*,*,#2318,.F.);
#1005=ORIENTED_EDGE('',*,*,#2319,.T.);
#1006=ORIENTED_EDGE('',*,*,#2320,.F.);
#1007=ORIENTED_EDGE('',*,*,#2321,.F.);
#1008=CARTESIAN_POINT('',(0.01,1.178,0.00499999999999999));
#1009=DIRECTION('',(0.0,0.0,-1.0));
#1010=DIRECTION('',(1.0,0.0,0.0));
#1011=ORIENTED_EDGE('',*,*,#2322,.F.);
#1012=ORIENTED_EDGE('',*,*,#2323,.T.);
#1013=ORIENTED_EDGE('',*,*,#2324,.F.);
#1014=ORIENTED_EDGE('',*,*,#2325,.F.);
#1015=CARTESIAN_POINT('',(0.01,1.163,0.00499999999999999));
#1016=DIRECTION('',(0.0,0.0,-1.0));
#1017=DIRECTION('',(1.0,0.0,0.0));
#1018=ORIENTED_EDGE('',*,*,#2326,.F.);
#1019=ORIENTED_EDGE('',*,*,#2327,.T.);
#1020=ORIENTED_EDGE('',*,*,#2328,.F.);
#1021=ORIENTED_EDGE('',*,*,#2329,.F.);
#1022=CARTESIAN_POINT('',(0.01,1.474,0.00499999999999999));
#1023=DIRECTION('',(0.0,0.0,-1.0));
#1024=DIRECTION('',(1.0,0.0,0.0));
#1025=ORIENTED_EDGE('',*,*,#2330,.F.);
#1026=ORIENTED_EDGE('',*,*,#2331,.T.);
#1027=ORIENTED_EDGE('',*,*,#2332,.F.);
#1028=ORIENTED_EDGE('',*,*,#2333,.T.);
#1029=CARTESIAN_POINT('',(-0.05,1.049,0.0249999999999999));
#1030=DIRECTION('',(1.0,-0.0,0.0));
#1031=DIRECTION('',(0.0,0.0,1.0));
#1032=ORIENTED_EDGE('',*,*,#2334,.F.);
#1033=ORIENTED_EDGE('',*,*,#2335,.T.);
#1034=ORIENTED_EDGE('',*,*,#2336,.F.);
#1035=ORIENTED_EDGE('',*,*,#2337,.T.);
#1036=CARTESIAN_POINT('',(-0.05,0.869,0.0249999999999999));
#1037=DIRECTION('',(1.0,-0.0,0.0));
#1038=DIRECTION('',(0.0,0.0,1.0));
#1039=ORIENTED_EDGE('',*,*,#2338,.F.);
#1040=ORIENTED_EDGE('',*,*,#2339,.T.);
#1041=ORIENTED_EDGE('',*,*,#2340,.F.);
#1042=ORIENTED_EDGE('',*,*,#2341,.T.);
#1043=CARTESIAN_POINT('',(-0.05,1.327,0.03));
#1044=DIRECTION('',(1.0,-0.0,0.0));
#1045=DIRECTION('',(0.0,0.0,1.0));
#1046=ORIENTED_EDGE('',*,*,#2342,.F.);
#1047=ORIENTED_EDGE('',*,*,#2343,.T.);
#1048=ORIENTED_EDGE('',*,*,#2344,.F.);
#1049=ORIENTED_EDGE('',*,*,#2345,.F.);
#1050=CARTESIAN_POINT('',(0.0320000000000017,0.959,0.00499999999999999));
#1051=DIRECTION('',(0.0,0.0,-1.0));
#1052=DIRECTION('',(1.0,0.0,0.0));
#1053=ORIENTED_EDGE('',*,*,#2346,.F.);
#1054=ORIENTED_EDGE('',*,*,#2347,.T.);
#1055=ORIENTED_EDGE('',*,*,#2348,.F.);
#1056=ORIENTED_EDGE('',*,*,#2349,.F.);
#1057=CARTESIAN_POINT('',(5.92320171441889E-15,0.195,-1.73472347597681E-17));
#1058=DIRECTION('',(0.0,0.0,-1.0));
#1059=DIRECTION('',(1.0,0.0,0.0));
#1060=ORIENTED_EDGE('',*,*,#2350,.F.);
#1061=ORIENTED_EDGE('',*,*,#2351,.F.);
#1062=ORIENTED_EDGE('',*,*,#2352,.T.);
#1063=ORIENTED_EDGE('',*,*,#2353,.T.);
#1064=CARTESIAN_POINT('',(-3.03895376543438E-16,0.195,-1.73472347597681E-17));
#1065=DIRECTION('',(0.0,0.0,-1.0));
#1066=DIRECTION('',(1.0,0.0,0.0));
#1067=ORIENTED_EDGE('',*,*,#2354,.F.);
#1068=ORIENTED_EDGE('',*,*,#2355,.T.);
#1069=ORIENTED_EDGE('',*,*,#2356,.F.);
#1070=ORIENTED_EDGE('',*,*,#2357,.F.);
#1071=CARTESIAN_POINT('',(1.46226802221639E-14,0.6175,-1.73472347597681E-17));
#1072=DIRECTION('',(0.0,0.0,-1.0));
#1073=DIRECTION('',(1.0,0.0,0.0));
#1074=ORIENTED_EDGE('',*,*,#2358,.F.);
#1075=ORIENTED_EDGE('',*,*,#2359,.F.);
#1076=ORIENTED_EDGE('',*,*,#2360,.T.);
#1077=ORIENTED_EDGE('',*,*,#2361,.T.);
#1078=CARTESIAN_POINT('',(1.46226802221639E-14,0.6175,-1.73472347597681E-17));
#1079=DIRECTION('',(0.0,0.0,-1.0));
#1080=DIRECTION('',(1.0,0.0,0.0));
#1081=ORIENTED_EDGE('',*,*,#2362,.F.);
#1082=ORIENTED_EDGE('',*,*,#2363,.T.);
#1083=ORIENTED_EDGE('',*,*,#2364,.F.);
#1084=ORIENTED_EDGE('',*,*,#2365,.F.);
#1085=CARTESIAN_POINT('',(0.0275,0.8005,0.00499999999999999));
#1086=DIRECTION('',(2.04085114820803E-16,0.0,1.0));
#1087=DIRECTION('',(-1.0,0.0,2.04085114820803E-16));
#1088=ORIENTED_EDGE('',*,*,#2366,.F.);
#1089=ORIENTED_EDGE('',*,*,#2367,.T.);
#1090=ORIENTED_EDGE('',*,*,#2368,.F.);
#1091=ORIENTED_EDGE('',*,*,#2369,.F.);
#1092=CARTESIAN_POINT('',(-0.0275,0.8005,0.005));
#1093=DIRECTION('',(2.04085114820803E-16,0.0,1.0));
#1094=DIRECTION('',(-1.0,0.0,2.04085114820803E-16));
#1095=ORIENTED_EDGE('',*,*,#2370,.F.);
#1096=ORIENTED_EDGE('',*,*,#2371,.T.);
#1097=ORIENTED_EDGE('',*,*,#2372,.F.);
#1098=ORIENTED_EDGE('',*,*,#2373,.F.);
#1099=CARTESIAN_POINT('',(-0.045,1.115,0.026));
#1100=DIRECTION('',(1.0,-0.0,0.0));
#1101=DIRECTION('',(0.0,0.0,1.0));
#1102=ORIENTED_EDGE('',*,*,#2374,.F.);
#1103=ORIENTED_EDGE('',*,*,#2375,.T.);
#1104=ORIENTED_EDGE('',*,*,#2376,.F.);
#1105=ORIENTED_EDGE('',*,*,#2377,.F.);
#1106=CARTESIAN_POINT('',(-0.045,1.285,0.026));
#1107=DIRECTION('',(1.0,-0.0,0.0));
#1108=DIRECTION('',(0.0,0.0,1.0));
#1109=ORIENTED_EDGE('',*,*,#2378,.F.);
#1110=ORIENTED_EDGE('',*,*,#2379,.T.);
#1111=ORIENTED_EDGE('',*,*,#2380,.F.);
#1112=ORIENTED_EDGE('',*,*,#2381,.T.);
#1113=CARTESIAN_POINT('',(0.05,0.0799999999999999,0.05287));
#1114=DIRECTION('',(-1.0,0.0,0.0));
#1115=DIRECTION('',(0.0,0.0,-1.0));
#1116=ORIENTED_EDGE('',*,*,#2382,.F.);
#1117=ORIENTED_EDGE('',*,*,#2383,.T.);
#1118=ORIENTED_EDGE('',*,*,#2384,.F.);
#1119=ORIENTED_EDGE('',*,*,#2385,.F.);
#1120=CARTESIAN_POINT('',(0.05,0.0799999999999999,0.05287));
#1121=DIRECTION('',(-1.0,0.0,0.0));
#1122=DIRECTION('',(0.0,0.0,-1.0));
#1123=ORIENTED_EDGE('',*,*,#2386,.F.);
#1124=ORIENTED_EDGE('',*,*,#2387,.T.);
#1125=ORIENTED_EDGE('',*,*,#2388,.F.);
#1126=ORIENTED_EDGE('',*,*,#2389,.T.);
#1127=CARTESIAN_POINT('',(0.05,0.54075,0.05287));
#1128=DIRECTION('',(-1.0,0.0,0.0));
#1129=DIRECTION('',(0.0,0.0,-1.0));
#1130=ORIENTED_EDGE('',*,*,#2390,.F.);
#1131=ORIENTED_EDGE('',*,*,#2391,.T.);
#1132=ORIENTED_EDGE('',*,*,#2392,.F.);
#1133=ORIENTED_EDGE('',*,*,#2393,.F.);
#1134=CARTESIAN_POINT('',(0.05,0.54075,0.05287));
#1135=DIRECTION('',(-1.0,0.0,0.0));
#1136=DIRECTION('',(0.0,0.0,-1.0));
#1137=ORIENTED_EDGE('',*,*,#2394,.F.);
#1138=ORIENTED_EDGE('',*,*,#2395,.T.);
#1139=ORIENTED_EDGE('',*,*,#2396,.F.);
#1140=ORIENTED_EDGE('',*,*,#2397,.T.);
#1141=CARTESIAN_POINT('',(0.05,1.0065,0.05287));
#1142=DIRECTION('',(-1.0,0.0,0.0));
#1143=DIRECTION('',(0.0,0.0,-1.0));
#1144=ORIENTED_EDGE('',*,*,#2398,.F.);
#1145=ORIENTED_EDGE('',*,*,#2399,.T.);
#1146=ORIENTED_EDGE('',*,*,#2400,.F.);
#1147=ORIENTED_EDGE('',*,*,#2401,.F.);
#1148=CARTESIAN_POINT('',(0.05,1.0065,0.05287));
#1149=DIRECTION('',(-1.0,0.0,0.0));
#1150=DIRECTION('',(0.0,0.0,-1.0));
#1151=ORIENTED_EDGE('',*,*,#2402,.F.);
#1152=ORIENTED_EDGE('',*,*,#2403,.T.);
#1153=ORIENTED_EDGE('',*,*,#2404,.F.);
#1154=ORIENTED_EDGE('',*,*,#2405,.F.);
#1155=CARTESIAN_POINT('',(0.05,1.47225,0.05287));
#1156=DIRECTION('',(-1.0,0.0,0.0));
#1157=DIRECTION('',(0.0,0.0,-1.0));
#1158=ORIENTED_EDGE('',*,*,#2406,.F.);
#1159=ORIENTED_EDGE('',*,*,#2407,.T.);
#1160=ORIENTED_EDGE('',*,*,#2408,.F.);
#1161=ORIENTED_EDGE('',*,*,#2409,.T.);
#1162=CARTESIAN_POINT('',(0.05,1.47225,0.05287));
#1163=DIRECTION('',(-1.0,0.0,0.0));
#1164=DIRECTION('',(0.0,0.0,-1.0));
#1165=ORIENTED_EDGE('',*,*,#2410,.F.);
#1166=ORIENTED_EDGE('',*,*,#2411,.T.);
#1167=ORIENTED_EDGE('',*,*,#2412,.F.);
#1168=ORIENTED_EDGE('',*,*,#2413,.T.);
#1169=CARTESIAN_POINT('',(0.05,1.953,0.05287));
#1170=DIRECTION('',(-1.0,0.0,0.0));
#1171=DIRECTION('',(0.0,0.0,-1.0));
#1172=ORIENTED_EDGE('',*,*,#2414,.F.);
#1173=ORIENTED_EDGE('',*,*,#2415,.T.);
#1174=ORIENTED_EDGE('',*,*,#2416,.F.);
#1175=ORIENTED_EDGE('',*,*,#2417,.F.);
#1176=CARTESIAN_POINT('',(0.05,1.953,0.05287));
#1177=DIRECTION('',(-1.0,0.0,0.0));
#1178=DIRECTION('',(0.0,0.0,-1.0));
#1179=ORIENTED_EDGE('',*,*,#2418,.F.);
#1180=ORIENTED_EDGE('',*,*,#2419,.T.);
#1181=ORIENTED_EDGE('',*,*,#2420,.F.);
#1182=ORIENTED_EDGE('',*,*,#2421,.F.);
#1183=CARTESIAN_POINT('',(-0.03,1.468,-9.54097911787244E-18));
#1184=DIRECTION('',(0.0,0.0,-1.0));
#1185=DIRECTION('',(1.0,0.0,0.0));
#1186=ORIENTED_EDGE('',*,*,#2422,.F.);
#1187=ORIENTED_EDGE('',*,*,#2423,.T.);
#1188=ORIENTED_EDGE('',*,*,#2424,.F.);
#1189=ORIENTED_EDGE('',*,*,#2425,.F.);
#1190=CARTESIAN_POINT('',(-0.03,1.718,-9.54097911787244E-18));
#1191=DIRECTION('',(0.0,0.0,-1.0));
#1192=DIRECTION('',(1.0,0.0,0.0));
#1193=ORIENTED_EDGE('',*,*,#2426,.F.);
#1194=ORIENTED_EDGE('',*,*,#2427,.T.);
#1195=ORIENTED_EDGE('',*,*,#2428,.T.);
#1196=ORIENTED_EDGE('',*,*,#2429,.F.);
#1197=CARTESIAN_POINT('',(-0.03,1.468,0.005));
#1198=DIRECTION('',(2.16840434497103E-16,0.0,1.0));
#1199=DIRECTION('',(-1.0,0.0,2.16840434497103E-16));
#1200=ORIENTED_EDGE('',*,*,#2430,.F.);
#1201=ORIENTED_EDGE('',*,*,#2431,.T.);
#1202=ORIENTED_EDGE('',*,*,#2432,.T.);
#1203=ORIENTED_EDGE('',*,*,#2433,.F.);
#1204=CARTESIAN_POINT('',(-0.03,1.718,0.005));
#1205=DIRECTION('',(2.16840434497099E-16,0.0,1.0));
#1206=DIRECTION('',(-1.0,0.0,2.16840434497099E-16));
#1207=ORIENTED_EDGE('',*,*,#2434,.F.);
#1208=ORIENTED_EDGE('',*,*,#2435,.T.);
#1209=ORIENTED_EDGE('',*,*,#2436,.F.);
#1210=ORIENTED_EDGE('',*,*,#2437,.F.);
#1211=CARTESIAN_POINT('',(0.0300000000000017,0.9225,0.00499999999999999));
#1212=DIRECTION('',(1.70070929017333E-16,0.0,1.0));
#1213=DIRECTION('',(-1.0,0.0,1.70070929017333E-16));
#1214=ORIENTED_EDGE('',*,*,#2438,.F.);
#1215=ORIENTED_EDGE('',*,*,#2439,.T.);
#1216=ORIENTED_EDGE('',*,*,#2440,.F.);
#1217=ORIENTED_EDGE('',*,*,#2441,.F.);
#1218=CARTESIAN_POINT('',(1.22093883527104E-16,1.85399999999998,0.005));
#1219=DIRECTION('',(2.040851148208E-16,0.0,1.0));
#1220=DIRECTION('',(-1.0,0.0,2.040851148208E-16));
#1221=ORIENTED_EDGE('',*,*,#2442,.F.);
#1222=ORIENTED_EDGE('',*,*,#2443,.T.);
#1223=ORIENTED_EDGE('',*,*,#2444,.F.);
#1224=ORIENTED_EDGE('',*,*,#2445,.F.);
#1225=CARTESIAN_POINT('',(1.04996448947876E-16,1.94199999999998,0.005));
#1226=DIRECTION('',(2.040851148208E-16,0.0,1.0));
#1227=DIRECTION('',(-1.0,0.0,2.040851148208E-16));
#1228=ORIENTED_EDGE('',*,*,#2446,.F.);
#1229=ORIENTED_EDGE('',*,*,#2447,.T.);
#1230=ORIENTED_EDGE('',*,*,#2448,.F.);
#1231=ORIENTED_EDGE('',*,*,#2449,.F.);
#1232=CARTESIAN_POINT('',(-0.05,1.80550000000001,0.035));
#1233=DIRECTION('',(-1.0,0.0,0.0));
#1234=DIRECTION('',(0.0,0.0,-1.0));
#1235=ORIENTED_EDGE('',*,*,#2450,.F.);
#1236=ORIENTED_EDGE('',*,*,#2451,.T.);
#1237=ORIENTED_EDGE('',*,*,#2452,.F.);
#1238=ORIENTED_EDGE('',*,*,#2453,.F.);
#1239=CARTESIAN_POINT('',(-0.05,1.78550000000001,0.035));
#1240=DIRECTION('',(-1.0,0.0,0.0));
#1241=DIRECTION('',(0.0,0.0,-1.0));
#1242=ORIENTED_EDGE('',*,*,#2454,.F.);
#1243=ORIENTED_EDGE('',*,*,#2455,.F.);
#1244=ORIENTED_EDGE('',*,*,#2456,.F.);
#1245=ORIENTED_EDGE('',*,*,#2457,.F.);
#1246=CARTESIAN_POINT('',(-0.0435,1.80550000000001,0.035));
#1247=DIRECTION('',(-1.0,0.0,-0.0));
#1248=DIRECTION('',(0.0,0.0,1.0));
#1249=ORIENTED_EDGE('',*,*,#2454,.T.);
#1250=ORIENTED_EDGE('',*,*,#2458,.F.);
#1251=ORIENTED_EDGE('',*,*,#2456,.T.);
#1252=ORIENTED_EDGE('',*,*,#2459,.F.);
#1253=CARTESIAN_POINT('',(-0.0435,1.80550000000001,0.035));
#1254=DIRECTION('',(-1.0,0.0,-0.0));
#1255=DIRECTION('',(0.0,0.0,1.0));
#1256=ORIENTED_EDGE('',*,*,#2450,.T.);
#1257=ORIENTED_EDGE('',*,*,#2460,.F.);
#1258=ORIENTED_EDGE('',*,*,#2452,.T.);
#1259=ORIENTED_EDGE('',*,*,#2461,.T.);
#1260=CARTESIAN_POINT('',(-0.05,1.78550000000001,0.035));
#1261=DIRECTION('',(-1.0,0.0,0.0));
#1262=DIRECTION('',(0.0,0.0,-1.0));
#1263=ORIENTED_EDGE('',*,*,#2446,.T.);
#1264=ORIENTED_EDGE('',*,*,#2462,.F.);
#1265=ORIENTED_EDGE('',*,*,#2448,.T.);
#1266=ORIENTED_EDGE('',*,*,#2463,.T.);
#1267=CARTESIAN_POINT('',(-0.05,1.80550000000001,0.035));
#1268=DIRECTION('',(-1.0,0.0,0.0));
#1269=DIRECTION('',(0.0,0.0,-1.0));
#1270=ORIENTED_EDGE('',*,*,#2442,.T.);
#1271=ORIENTED_EDGE('',*,*,#2464,.F.);
#1272=ORIENTED_EDGE('',*,*,#2444,.T.);
#1273=ORIENTED_EDGE('',*,*,#2465,.T.);
#1274=CARTESIAN_POINT('',(1.04996448947876E-16,1.94199999999998,0.005));
#1275=DIRECTION('',(2.040851148208E-16,0.0,1.0));
#1276=DIRECTION('',(-1.0,0.0,2.040851148208E-16));
#1277=ORIENTED_EDGE('',*,*,#2438,.T.);
#1278=ORIENTED_EDGE('',*,*,#2466,.F.);
#1279=ORIENTED_EDGE('',*,*,#2440,.T.);
#1280=ORIENTED_EDGE('',*,*,#2467,.T.);
#1281=CARTESIAN_POINT('',(1.22093883527104E-16,1.85399999999998,0.005));
#1282=DIRECTION('',(2.040851148208E-16,0.0,1.0));
#1283=DIRECTION('',(-1.0,0.0,2.040851148208E-16));
#1284=ORIENTED_EDGE('',*,*,#2434,.T.);
#1285=ORIENTED_EDGE('',*,*,#2468,.F.);
#1286=ORIENTED_EDGE('',*,*,#2436,.T.);
#1287=ORIENTED_EDGE('',*,*,#2469,.T.);
#1288=CARTESIAN_POINT('',(0.0300000000000017,0.9225,0.00499999999999999));
#1289=DIRECTION('',(1.70070929017333E-16,0.0,1.0));
#1290=DIRECTION('',(-1.0,0.0,1.70070929017333E-16));
#1291=ORIENTED_EDGE('',*,*,#2430,.T.);
#1292=ORIENTED_EDGE('',*,*,#2470,.F.);
#1293=ORIENTED_EDGE('',*,*,#2471,.T.);
#1294=ORIENTED_EDGE('',*,*,#2472,.T.);
#1295=CARTESIAN_POINT('',(-0.03,1.718,0.005));
#1296=DIRECTION('',(2.16840434497099E-16,0.0,1.0));
#1297=DIRECTION('',(-1.0,0.0,2.16840434497099E-16));
#1298=ORIENTED_EDGE('',*,*,#2426,.T.);
#1299=ORIENTED_EDGE('',*,*,#2473,.F.);
#1300=ORIENTED_EDGE('',*,*,#2474,.T.);
#1301=ORIENTED_EDGE('',*,*,#2475,.T.);
#1302=CARTESIAN_POINT('',(-0.03,1.468,0.005));
#1303=DIRECTION('',(2.16840434497103E-16,0.0,1.0));
#1304=DIRECTION('',(-1.0,0.0,2.16840434497103E-16));
#1305=ORIENTED_EDGE('',*,*,#2422,.T.);
#1306=ORIENTED_EDGE('',*,*,#2476,.F.);
#1307=ORIENTED_EDGE('',*,*,#2424,.T.);
#1308=ORIENTED_EDGE('',*,*,#2477,.T.);
#1309=CARTESIAN_POINT('',(-0.03,1.718,-9.54097911787244E-18));
#1310=DIRECTION('',(0.0,0.0,-1.0));
#1311=DIRECTION('',(1.0,0.0,0.0));
#1312=ORIENTED_EDGE('',*,*,#2418,.T.);
#1313=ORIENTED_EDGE('',*,*,#2478,.F.);
#1314=ORIENTED_EDGE('',*,*,#2420,.T.);
#1315=ORIENTED_EDGE('',*,*,#2479,.T.);
#1316=CARTESIAN_POINT('',(-0.03,1.468,-9.54097911787244E-18));
#1317=DIRECTION('',(0.0,0.0,-1.0));
#1318=DIRECTION('',(1.0,0.0,0.0));
#1319=ORIENTED_EDGE('',*,*,#2414,.T.);
#1320=ORIENTED_EDGE('',*,*,#2480,.F.);
#1321=ORIENTED_EDGE('',*,*,#2416,.T.);
#1322=ORIENTED_EDGE('',*,*,#2481,.T.);
#1323=CARTESIAN_POINT('',(0.05,1.953,0.05287));
#1324=DIRECTION('',(-1.0,0.0,0.0));
#1325=DIRECTION('',(0.0,0.0,-1.0));
#1326=ORIENTED_EDGE('',*,*,#2410,.T.);
#1327=ORIENTED_EDGE('',*,*,#2482,.T.);
#1328=ORIENTED_EDGE('',*,*,#2412,.T.);
#1329=ORIENTED_EDGE('',*,*,#2483,.T.);
#1330=CARTESIAN_POINT('',(0.05,1.953,0.05287));
#1331=DIRECTION('',(-1.0,0.0,0.0));
#1332=DIRECTION('',(0.0,0.0,-1.0));
#1333=ORIENTED_EDGE('',*,*,#2406,.T.);
#1334=ORIENTED_EDGE('',*,*,#2484,.T.);
#1335=ORIENTED_EDGE('',*,*,#2408,.T.);
#1336=ORIENTED_EDGE('',*,*,#2485,.T.);
#1337=CARTESIAN_POINT('',(0.05,1.47225,0.05287));
#1338=DIRECTION('',(-1.0,0.0,0.0));
#1339=DIRECTION('',(0.0,0.0,-1.0));
#1340=ORIENTED_EDGE('',*,*,#2402,.T.);
#1341=ORIENTED_EDGE('',*,*,#2486,.F.);
#1342=ORIENTED_EDGE('',*,*,#2404,.T.);
#1343=ORIENTED_EDGE('',*,*,#2487,.T.);
#1344=CARTESIAN_POINT('',(0.05,1.47225,0.05287));
#1345=DIRECTION('',(-1.0,0.0,0.0));
#1346=DIRECTION('',(0.0,0.0,-1.0));
#1347=ORIENTED_EDGE('',*,*,#2398,.T.);
#1348=ORIENTED_EDGE('',*,*,#2488,.F.);
#1349=ORIENTED_EDGE('',*,*,#2400,.T.);
#1350=ORIENTED_EDGE('',*,*,#2489,.T.);
#1351=CARTESIAN_POINT('',(0.05,1.0065,0.05287));
#1352=DIRECTION('',(-1.0,0.0,0.0));
#1353=DIRECTION('',(0.0,0.0,-1.0));
#1354=ORIENTED_EDGE('',*,*,#2394,.T.);
#1355=ORIENTED_EDGE('',*,*,#2490,.T.);
#1356=ORIENTED_EDGE('',*,*,#2396,.T.);
#1357=ORIENTED_EDGE('',*,*,#2491,.T.);
#1358=CARTESIAN_POINT('',(0.05,1.0065,0.05287));
#1359=DIRECTION('',(-1.0,0.0,0.0));
#1360=DIRECTION('',(0.0,0.0,-1.0));
#1361=ORIENTED_EDGE('',*,*,#2390,.T.);
#1362=ORIENTED_EDGE('',*,*,#2492,.F.);
#1363=ORIENTED_EDGE('',*,*,#2392,.T.);
#1364=ORIENTED_EDGE('',*,*,#2493,.T.);
#1365=CARTESIAN_POINT('',(0.05,0.54075,0.05287));
#1366=DIRECTION('',(-1.0,0.0,0.0));
#1367=DIRECTION('',(0.0,0.0,-1.0));
#1368=ORIENTED_EDGE('',*,*,#2386,.T.);
#1369=ORIENTED_EDGE('',*,*,#2494,.T.);
#1370=ORIENTED_EDGE('',*,*,#2388,.T.);
#1371=ORIENTED_EDGE('',*,*,#2495,.T.);
#1372=CARTESIAN_POINT('',(0.05,0.54075,0.05287));
#1373=DIRECTION('',(-1.0,0.0,0.0));
#1374=DIRECTION('',(0.0,0.0,-1.0));
#1375=ORIENTED_EDGE('',*,*,#2382,.T.);
#1376=ORIENTED_EDGE('',*,*,#2496,.F.);
#1377=ORIENTED_EDGE('',*,*,#2384,.T.);
#1378=ORIENTED_EDGE('',*,*,#2497,.T.);
#1379=CARTESIAN_POINT('',(0.05,0.0799999999999999,0.05287));
#1380=DIRECTION('',(-1.0,0.0,0.0));
#1381=DIRECTION('',(0.0,0.0,-1.0));
#1382=ORIENTED_EDGE('',*,*,#2378,.T.);
#1383=ORIENTED_EDGE('',*,*,#2498,.T.);
#1384=ORIENTED_EDGE('',*,*,#2380,.T.);
#1385=ORIENTED_EDGE('',*,*,#2499,.T.);
#1386=CARTESIAN_POINT('',(0.05,0.0799999999999999,0.05287));
#1387=DIRECTION('',(-1.0,0.0,0.0));
#1388=DIRECTION('',(0.0,0.0,-1.0));
#1389=ORIENTED_EDGE('',*,*,#2374,.T.);
#1390=ORIENTED_EDGE('',*,*,#2500,.F.);
#1391=ORIENTED_EDGE('',*,*,#2376,.T.);
#1392=ORIENTED_EDGE('',*,*,#2501,.T.);
#1393=CARTESIAN_POINT('',(-0.045,1.285,0.026));
#1394=DIRECTION('',(1.0,-0.0,0.0));
#1395=DIRECTION('',(0.0,0.0,1.0));
#1396=ORIENTED_EDGE('',*,*,#2370,.T.);
#1397=ORIENTED_EDGE('',*,*,#2502,.F.);
#1398=ORIENTED_EDGE('',*,*,#2372,.T.);
#1399=ORIENTED_EDGE('',*,*,#2503,.T.);
#1400=CARTESIAN_POINT('',(-0.045,1.115,0.026));
#1401=DIRECTION('',(1.0,-0.0,0.0));
#1402=DIRECTION('',(0.0,0.0,1.0));
#1403=ORIENTED_EDGE('',*,*,#2366,.T.);
#1404=ORIENTED_EDGE('',*,*,#2504,.F.);
#1405=ORIENTED_EDGE('',*,*,#2368,.T.);
#1406=ORIENTED_EDGE('',*,*,#2505,.T.);
#1407=CARTESIAN_POINT('',(-0.0275,0.8005,0.005));
#1408=DIRECTION('',(2.04085114820803E-16,0.0,1.0));
#1409=DIRECTION('',(-1.0,0.0,2.04085114820803E-16));
#1410=ORIENTED_EDGE('',*,*,#2362,.T.);
#1411=ORIENTED_EDGE('',*,*,#2506,.F.);
#1412=ORIENTED_EDGE('',*,*,#2364,.T.);
#1413=ORIENTED_EDGE('',*,*,#2507,.T.);
#1414=CARTESIAN_POINT('',(0.0275,0.8005,0.00499999999999999));
#1415=DIRECTION('',(2.04085114820803E-16,0.0,1.0));
#1416=DIRECTION('',(-1.0,0.0,2.04085114820803E-16));
#1417=ORIENTED_EDGE('',*,*,#2358,.T.);
#1418=ORIENTED_EDGE('',*,*,#2508,.T.);
#1419=ORIENTED_EDGE('',*,*,#2509,.F.);
#1420=ORIENTED_EDGE('',*,*,#2510,.F.);
#1421=CARTESIAN_POINT('',(1.46226802221639E-14,0.6175,-1.73472347597681E-17));
#1422=DIRECTION('',(0.0,0.0,-1.0));
#1423=DIRECTION('',(1.0,0.0,0.0));
#1424=ORIENTED_EDGE('',*,*,#2354,.T.);
#1425=ORIENTED_EDGE('',*,*,#2511,.F.);
#1426=ORIENTED_EDGE('',*,*,#2512,.T.);
#1427=ORIENTED_EDGE('',*,*,#2513,.T.);
#1428=CARTESIAN_POINT('',(1.46226802221639E-14,0.6175,-1.73472347597681E-17));
#1429=DIRECTION('',(0.0,0.0,-1.0));
#1430=DIRECTION('',(1.0,0.0,0.0));
#1431=ORIENTED_EDGE('',*,*,#2350,.T.);
#1432=ORIENTED_EDGE('',*,*,#2514,.T.);
#1433=ORIENTED_EDGE('',*,*,#2515,.F.);
#1434=ORIENTED_EDGE('',*,*,#2516,.F.);
#1435=CARTESIAN_POINT('',(-3.03895376543438E-16,0.195,-1.73472347597681E-17));
#1436=DIRECTION('',(0.0,0.0,-1.0));
#1437=DIRECTION('',(1.0,0.0,0.0));
#1438=ORIENTED_EDGE('',*,*,#2346,.T.);
#1439=ORIENTED_EDGE('',*,*,#2517,.F.);
#1440=ORIENTED_EDGE('',*,*,#2518,.T.);
#1441=ORIENTED_EDGE('',*,*,#2519,.T.);
#1442=CARTESIAN_POINT('',(5.92320171441889E-15,0.195,-1.73472347597681E-17));
#1443=DIRECTION('',(0.0,0.0,-1.0));
#1444=DIRECTION('',(1.0,0.0,0.0));
#1445=ORIENTED_EDGE('',*,*,#2342,.T.);
#1446=ORIENTED_EDGE('',*,*,#2520,.F.);
#1447=ORIENTED_EDGE('',*,*,#2344,.T.);
#1448=ORIENTED_EDGE('',*,*,#2521,.T.);
#1449=CARTESIAN_POINT('',(0.0320000000000017,0.959,0.00499999999999999));
#1450=DIRECTION('',(0.0,0.0,-1.0));
#1451=DIRECTION('',(1.0,0.0,0.0));
#1452=ORIENTED_EDGE('',*,*,#2338,.T.);
#1453=ORIENTED_EDGE('',*,*,#2522,.T.);
#1454=ORIENTED_EDGE('',*,*,#2340,.T.);
#1455=ORIENTED_EDGE('',*,*,#2523,.T.);
#1456=CARTESIAN_POINT('',(-0.05,1.327,0.03));
#1457=DIRECTION('',(1.0,-0.0,0.0));
#1458=DIRECTION('',(0.0,0.0,1.0));
#1459=ORIENTED_EDGE('',*,*,#2334,.T.);
#1460=ORIENTED_EDGE('',*,*,#2524,.T.);
#1461=ORIENTED_EDGE('',*,*,#2336,.T.);
#1462=ORIENTED_EDGE('',*,*,#2525,.T.);
#1463=CARTESIAN_POINT('',(-0.05,0.869,0.0249999999999999));
#1464=DIRECTION('',(1.0,-0.0,0.0));
#1465=DIRECTION('',(0.0,0.0,1.0));
#1466=ORIENTED_EDGE('',*,*,#2330,.T.);
#1467=ORIENTED_EDGE('',*,*,#2526,.T.);
#1468=ORIENTED_EDGE('',*,*,#2332,.T.);
#1469=ORIENTED_EDGE('',*,*,#2527,.T.);
#1470=CARTESIAN_POINT('',(-0.05,1.049,0.0249999999999999));
#1471=DIRECTION('',(1.0,-0.0,0.0));
#1472=DIRECTION('',(0.0,0.0,1.0));
#1473=ORIENTED_EDGE('',*,*,#2326,.T.);
#1474=ORIENTED_EDGE('',*,*,#2528,.F.);
#1475=ORIENTED_EDGE('',*,*,#2328,.T.);
#1476=ORIENTED_EDGE('',*,*,#2529,.T.);
#1477=CARTESIAN_POINT('',(0.01,1.474,0.00499999999999999));
#1478=DIRECTION('',(0.0,0.0,-1.0));
#1479=DIRECTION('',(1.0,0.0,0.0));
#1480=ORIENTED_EDGE('',*,*,#2322,.T.);
#1481=ORIENTED_EDGE('',*,*,#2530,.F.);
#1482=ORIENTED_EDGE('',*,*,#2324,.T.);
#1483=ORIENTED_EDGE('',*,*,#2531,.T.);
#1484=CARTESIAN_POINT('',(0.01,1.163,0.00499999999999999));
#1485=DIRECTION('',(0.0,0.0,-1.0));
#1486=DIRECTION('',(1.0,0.0,0.0));
#1487=ORIENTED_EDGE('',*,*,#2318,.T.);
#1488=ORIENTED_EDGE('',*,*,#2532,.F.);
#1489=ORIENTED_EDGE('',*,*,#2320,.T.);
#1490=ORIENTED_EDGE('',*,*,#2533,.T.);
#1491=CARTESIAN_POINT('',(0.01,1.178,0.00499999999999999));
#1492=DIRECTION('',(0.0,0.0,-1.0));
#1493=DIRECTION('',(1.0,0.0,0.0));
#1494=ORIENTED_EDGE('',*,*,#2314,.T.);
#1495=ORIENTED_EDGE('',*,*,#2534,.F.);
#1496=ORIENTED_EDGE('',*,*,#2316,.T.);
#1497=ORIENTED_EDGE('',*,*,#2535,.T.);
#1498=CARTESIAN_POINT('',(0.01,1.193,0.00499999999999999));
#1499=DIRECTION('',(0.0,0.0,-1.0));
#1500=DIRECTION('',(1.0,0.0,0.0));
#1501=ORIENTED_EDGE('',*,*,#2310,.T.);
#1502=ORIENTED_EDGE('',*,*,#2536,.T.);
#1503=ORIENTED_EDGE('',*,*,#2537,.F.);
#1504=ORIENTED_EDGE('',*,*,#2538,.F.);
#1505=CARTESIAN_POINT('',(1.46226802221639E-14,0.6175,-1.73472347597681E-17));
#1506=DIRECTION('',(0.0,0.0,-1.0));
#1507=DIRECTION('',(1.0,0.0,0.0));
#1508=ORIENTED_EDGE('',*,*,#2306,.T.);
#1509=ORIENTED_EDGE('',*,*,#2539,.F.);
#1510=ORIENTED_EDGE('',*,*,#2540,.T.);
#1511=ORIENTED_EDGE('',*,*,#2541,.T.);
#1512=CARTESIAN_POINT('',(1.46226802221639E-14,0.6175,-1.73472347597681E-17));
#1513=DIRECTION('',(0.0,0.0,-1.0));
#1514=DIRECTION('',(1.0,0.0,0.0));
#1515=ORIENTED_EDGE('',*,*,#2302,.T.);
#1516=ORIENTED_EDGE('',*,*,#2542,.T.);
#1517=ORIENTED_EDGE('',*,*,#2543,.F.);
#1518=ORIENTED_EDGE('',*,*,#2544,.F.);
#1519=CARTESIAN_POINT('',(5.92320171441889E-15,0.195,-1.73472347597681E-17));
#1520=DIRECTION('',(0.0,0.0,-1.0));
#1521=DIRECTION('',(1.0,0.0,0.0));
#1522=ORIENTED_EDGE('',*,*,#2298,.T.);
#1523=ORIENTED_EDGE('',*,*,#2545,.F.);
#1524=ORIENTED_EDGE('',*,*,#2546,.T.);
#1525=ORIENTED_EDGE('',*,*,#2547,.T.);
#1526=CARTESIAN_POINT('',(-3.03895376543438E-16,0.195,-1.73472347597681E-17));
#1527=DIRECTION('',(0.0,0.0,-1.0));
#1528=DIRECTION('',(1.0,0.0,0.0));
#1529=ORIENTED_EDGE('',*,*,#2294,.T.);
#1530=ORIENTED_EDGE('',*,*,#2548,.T.);
#1531=ORIENTED_EDGE('',*,*,#2549,.T.);
#1532=ORIENTED_EDGE('',*,*,#2550,.F.);
#1533=CARTESIAN_POINT('',(0.0320000000000017,0.959,0.00499999999999999));
#1534=DIRECTION('',(1.73472347597681E-16,0.0,1.0));
#1535=DIRECTION('',(-1.0,0.0,1.73472347597681E-16));
#1536=ORIENTED_EDGE('',*,*,#2290,.T.);
#1537=ORIENTED_EDGE('',*,*,#2551,.T.);
#1538=ORIENTED_EDGE('',*,*,#2552,.T.);
#1539=ORIENTED_EDGE('',*,*,#2553,.F.);
#1540=CARTESIAN_POINT('',(0.0300000000000017,0.9225,0.00499999999999999));
#1541=DIRECTION('',(1.73472347597701E-16,0.0,1.0));
#1542=DIRECTION('',(-1.0,0.0,1.73472347597701E-16));
#1543=ORIENTED_EDGE('',*,*,#2286,.T.);
#1544=ORIENTED_EDGE('',*,*,#2554,.T.);
#1545=ORIENTED_EDGE('',*,*,#2288,.T.);
#1546=ORIENTED_EDGE('',*,*,#2555,.T.);
#1547=CARTESIAN_POINT('',(-0.05,1.718,0.035));
#1548=DIRECTION('',(1.0,-0.0,0.0));
#1549=DIRECTION('',(0.0,0.0,1.0));
#1550=ORIENTED_EDGE('',*,*,#2455,.T.);
#1551=ORIENTED_EDGE('',*,*,#2459,.T.);
#1552=ORIENTED_EDGE('',*,*,#2463,.F.);
#1553=ORIENTED_EDGE('',*,*,#2447,.F.);
#1554=CARTESIAN_POINT('',(-0.042,1.0165,0.035));
#1555=DIRECTION('',(1.0,0.0,0.0));
#1556=DIRECTION('',(0.0,1.0,0.0));
#1557=ORIENTED_EDGE('',*,*,#2556,.T.);
#1558=ORIENTED_EDGE('',*,*,#2557,.T.);
#1559=ORIENTED_EDGE('',*,*,#2558,.T.);
#1560=ORIENTED_EDGE('',*,*,#2559,.T.);
#1561=CARTESIAN_POINT('',(-0.035,1.733,0.015));
#1562=DIRECTION('',(1.0,-2.31296463463576E-16,-1.83697019872103E-16));
#1563=DIRECTION('',(-2.31296463463576E-16,-1.0,0.0));
#1564=ORIENTED_EDGE('',*,*,#2560,.T.);
#1565=ORIENTED_EDGE('',*,*,#2561,.T.);
#1566=ORIENTED_EDGE('',*,*,#2562,.T.);
#1567=ORIENTED_EDGE('',*,*,#2563,.T.);
#1568=CARTESIAN_POINT('',(-0.035,1.453,0.015));
#1569=DIRECTION('',(1.0,-2.31296463463576E-16,-1.83697019872103E-16));
#1570=DIRECTION('',(-2.31296463463576E-16,-1.0,0.0));
#1571=ORIENTED_EDGE('',*,*,#2564,.F.);
#1572=ORIENTED_EDGE('',*,*,#2565,.T.);
#1573=ORIENTED_EDGE('',*,*,#2566,.F.);
#1574=ORIENTED_EDGE('',*,*,#2567,.F.);
#1575=CARTESIAN_POINT('',(-0.04,1.968,0.01));
#1576=DIRECTION('',(0.0,1.0,0.0));
#1577=DIRECTION('',(0.0,0.0,-1.0));
#1578=ORIENTED_EDGE('',*,*,#2568,.F.);
#1579=ORIENTED_EDGE('',*,*,#2569,.T.);
#1580=ORIENTED_EDGE('',*,*,#2570,.F.);
#1581=ORIENTED_EDGE('',*,*,#2571,.F.);
#1582=CARTESIAN_POINT('',(-0.04,1.968,0.01));
#1583=DIRECTION('',(0.0,1.0,0.0));
#1584=DIRECTION('',(0.0,0.0,-1.0));
#1585=ORIENTED_EDGE('',*,*,#2572,.F.);
#1586=ORIENTED_EDGE('',*,*,#2573,.T.);
#1587=ORIENTED_EDGE('',*,*,#2574,.T.);
#1588=ORIENTED_EDGE('',*,*,#2575,.T.);
#1589=CARTESIAN_POINT('',(-0.04,1.968,0.01));
#1590=DIRECTION('',(0.0,1.0,0.0));
#1591=DIRECTION('',(0.0,0.0,-1.0));
#1592=ORIENTED_EDGE('',*,*,#2576,.F.);
#1593=ORIENTED_EDGE('',*,*,#2577,.T.);
#1594=ORIENTED_EDGE('',*,*,#2578,.T.);
#1595=ORIENTED_EDGE('',*,*,#2579,.T.);
#1596=CARTESIAN_POINT('',(-0.04,1.968,0.01));
#1597=DIRECTION('',(0.0,1.0,0.0));
#1598=DIRECTION('',(0.0,0.0,-1.0));
#1599=ORIENTED_EDGE('',*,*,#2580,.T.);
#1600=ORIENTED_EDGE('',*,*,#2581,.T.);
#1601=ORIENTED_EDGE('',*,*,#2582,.T.);
#1602=ORIENTED_EDGE('',*,*,#2583,.T.);
#1603=CARTESIAN_POINT('',(0.037,0.9025,0.015));
#1604=DIRECTION('',(-1.0,9.07044954759115E-17,1.83697019872103E-16));
#1605=DIRECTION('',(9.07044954759115E-17,1.0,0.0));
#1606=ORIENTED_EDGE('',*,*,#2584,.T.);
#1607=ORIENTED_EDGE('',*,*,#2585,.T.);
#1608=ORIENTED_EDGE('',*,*,#2586,.T.);
#1609=ORIENTED_EDGE('',*,*,#2587,.T.);
#1610=CARTESIAN_POINT('',(0.037,0.9025,0.015));
#1611=DIRECTION('',(-1.0,9.07044954759115E-17,1.83697019872103E-16));
#1612=DIRECTION('',(9.07044954759115E-17,1.0,0.0));
#1613=ORIENTED_EDGE('',*,*,#2588,.T.);
#1614=ORIENTED_EDGE('',*,*,#2589,.T.);
#1615=ORIENTED_EDGE('',*,*,#2590,.T.);
#1616=ORIENTED_EDGE('',*,*,#2591,.F.);
#1617=ORIENTED_EDGE('',*,*,#2592,.F.);
#1618=ORIENTED_EDGE('',*,*,#2593,.T.);
#1619=CARTESIAN_POINT('',(0.037,0.9025,0.015));
#1620=DIRECTION('',(0.0,-1.0,0.0));
#1621=DIRECTION('',(0.0,0.0,-1.0));
#1622=ORIENTED_EDGE('',*,*,#2594,.F.);
#1623=ORIENTED_EDGE('',*,*,#2595,.T.);
#1624=ORIENTED_EDGE('',*,*,#2596,.T.);
#1625=ORIENTED_EDGE('',*,*,#2597,.T.);
#1626=ORIENTED_EDGE('',*,*,#2598,.F.);
#1627=ORIENTED_EDGE('',*,*,#2599,.F.);
#1628=CARTESIAN_POINT('',(0.037,0.979,0.015));
#1629=DIRECTION('',(0.0,1.0,0.0));
#1630=DIRECTION('',(1.0,0.0,-0.0));
#1631=ORIENTED_EDGE('',*,*,#2597,.F.);
#1632=ORIENTED_EDGE('',*,*,#2600,.F.);
#1633=ORIENTED_EDGE('',*,*,#2601,.T.);
#1634=ORIENTED_EDGE('',*,*,#2602,.T.);
#1635=CARTESIAN_POINT('',(0.04,1.968,0.00999999999999998));
#1636=DIRECTION('',(0.0,1.0,0.0));
#1637=DIRECTION('',(0.0,0.0,-1.0));
#1638=ORIENTED_EDGE('',*,*,#2603,.T.);
#1639=ORIENTED_EDGE('',*,*,#2599,.T.);
#1640=ORIENTED_EDGE('',*,*,#2604,.F.);
#1641=ORIENTED_EDGE('',*,*,#2605,.F.);
#1642=CARTESIAN_POINT('',(0.04,1.968,0.00999999999999998));
#1643=DIRECTION('',(0.0,1.0,0.0));
#1644=DIRECTION('',(0.0,0.0,-1.0));
#1645=ORIENTED_EDGE('',*,*,#2606,.F.);
#1646=ORIENTED_EDGE('',*,*,#2579,.F.);
#1647=ORIENTED_EDGE('',*,*,#2607,.F.);
#1648=ORIENTED_EDGE('',*,*,#2608,.F.);
#1649=ORIENTED_EDGE('',*,*,#2609,.T.);
#1650=ORIENTED_EDGE('',*,*,#2610,.T.);
#1651=ORIENTED_EDGE('',*,*,#2611,.T.);
#1652=ORIENTED_EDGE('',*,*,#2612,.T.);
#1653=ORIENTED_EDGE('',*,*,#2613,.T.);
#1654=ORIENTED_EDGE('',*,*,#2570,.T.);
#1655=ORIENTED_EDGE('',*,*,#2614,.T.);
#1656=ORIENTED_EDGE('',*,*,#2615,.T.);
#1657=CARTESIAN_POINT('',(0.05,0.065,-1.73472347597681E-17));
#1658=DIRECTION('',(-1.38777878078145E-16,1.0,0.0));
#1659=DIRECTION('',(1.0,1.38777878078145E-16,-0.0));
#1660=ORIENTED_EDGE('',*,*,#2616,.F.);
#1661=ORIENTED_EDGE('',*,*,#2617,.T.);
#1662=ORIENTED_EDGE('',*,*,#2572,.T.);
#1663=ORIENTED_EDGE('',*,*,#2618,.T.);
#1664=ORIENTED_EDGE('',*,*,#2619,.F.);
#1665=ORIENTED_EDGE('',*,*,#2620,.T.);
#1666=ORIENTED_EDGE('',*,*,#2576,.T.);
#1667=ORIENTED_EDGE('',*,*,#2606,.T.);
#1668=ORIENTED_EDGE('',*,*,#2621,.F.);
#1669=ORIENTED_EDGE('',*,*,#2622,.F.);
#1670=ORIENTED_EDGE('',*,*,#2623,.T.);
#1671=ORIENTED_EDGE('',*,*,#2624,.T.);
#1672=ORIENTED_EDGE('',*,*,#2555,.F.);
#1673=ORIENTED_EDGE('',*,*,#2287,.F.);
#1674=ORIENTED_EDGE('',*,*,#2460,.T.);
#1675=ORIENTED_EDGE('',*,*,#2453,.T.);
#1676=ORIENTED_EDGE('',*,*,#2462,.T.);
#1677=ORIENTED_EDGE('',*,*,#2449,.T.);
#1678=ORIENTED_EDGE('',*,*,#2480,.T.);
#1679=ORIENTED_EDGE('',*,*,#2417,.T.);
#1680=ORIENTED_EDGE('',*,*,#2486,.T.);
#1681=ORIENTED_EDGE('',*,*,#2405,.T.);
#1682=ORIENTED_EDGE('',*,*,#2488,.T.);
#1683=ORIENTED_EDGE('',*,*,#2401,.T.);
#1684=ORIENTED_EDGE('',*,*,#2492,.T.);
#1685=ORIENTED_EDGE('',*,*,#2393,.T.);
#1686=ORIENTED_EDGE('',*,*,#2496,.T.);
#1687=ORIENTED_EDGE('',*,*,#2385,.T.);
#1688=ORIENTED_EDGE('',*,*,#2501,.F.);
#1689=ORIENTED_EDGE('',*,*,#2375,.F.);
#1690=ORIENTED_EDGE('',*,*,#2503,.F.);
#1691=ORIENTED_EDGE('',*,*,#2371,.F.);
#1692=ORIENTED_EDGE('',*,*,#2525,.F.);
#1693=ORIENTED_EDGE('',*,*,#2335,.F.);
#1694=ORIENTED_EDGE('',*,*,#2527,.F.);
#1695=ORIENTED_EDGE('',*,*,#2331,.F.);
#1696=ORIENTED_EDGE('',*,*,#2523,.F.);
#1697=ORIENTED_EDGE('',*,*,#2339,.F.);
#1698=CARTESIAN_POINT('',(-0.05,1.968,0.0));
#1699=DIRECTION('',(1.0,0.0,0.0));
#1700=DIRECTION('',(0.0,1.0,0.0));
#1701=ORIENTED_EDGE('',*,*,#2625,.F.);
#1702=ORIENTED_EDGE('',*,*,#2626,.F.);
#1703=ORIENTED_EDGE('',*,*,#2601,.F.);
#1704=ORIENTED_EDGE('',*,*,#2627,.F.);
#1705=ORIENTED_EDGE('',*,*,#2628,.F.);
#1706=ORIENTED_EDGE('',*,*,#2629,.T.);
#1707=ORIENTED_EDGE('',*,*,#2605,.T.);
#1708=ORIENTED_EDGE('',*,*,#2630,.T.);
#1709=ORIENTED_EDGE('',*,*,#2631,.T.);
#1710=ORIENTED_EDGE('',*,*,#2622,.T.);
#1711=ORIENTED_EDGE('',*,*,#2632,.F.);
#1712=ORIENTED_EDGE('',*,*,#2633,.F.);
#1713=CARTESIAN_POINT('',(-0.04,1.968,-1.83697019872103E-18));
#1714=DIRECTION('',(-0.0,1.0,0.0));
#1715=DIRECTION('',(1.0,0.0,0.0));
#1716=ORIENTED_EDGE('',*,*,#2615,.F.);
#1717=ORIENTED_EDGE('',*,*,#2634,.F.);
#1718=ORIENTED_EDGE('',*,*,#2632,.T.);
#1719=ORIENTED_EDGE('',*,*,#2621,.T.);
#1720=CARTESIAN_POINT('',(-0.045,1.968,0.06));
#1721=DIRECTION('',(0.0,-0.0,1.0));
#1722=DIRECTION('',(1.0,0.0,-0.0));
#1723=ORIENTED_EDGE('',*,*,#2565,.F.);
#1724=ORIENTED_EDGE('',*,*,#2635,.T.);
#1725=ORIENTED_EDGE('',*,*,#2636,.F.);
#1726=ORIENTED_EDGE('',*,*,#2637,.T.);
#1727=ORIENTED_EDGE('',*,*,#2638,.F.);
#1728=ORIENTED_EDGE('',*,*,#2633,.T.);
#1729=ORIENTED_EDGE('',*,*,#2634,.T.);
#1730=ORIENTED_EDGE('',*,*,#2614,.F.);
#1731=ORIENTED_EDGE('',*,*,#2569,.F.);
#1732=ORIENTED_EDGE('',*,*,#2639,.T.);
#1733=ORIENTED_EDGE('',*,*,#2640,.T.);
#1734=ORIENTED_EDGE('',*,*,#2641,.T.);
#1735=ORIENTED_EDGE('',*,*,#2458,.T.);
#1736=ORIENTED_EDGE('',*,*,#2457,.T.);
#1737=ORIENTED_EDGE('',*,*,#2289,.F.);
#1738=ORIENTED_EDGE('',*,*,#2554,.F.);
#1739=ORIENTED_EDGE('',*,*,#2461,.F.);
#1740=ORIENTED_EDGE('',*,*,#2451,.F.);
#1741=ORIENTED_EDGE('',*,*,#2481,.F.);
#1742=ORIENTED_EDGE('',*,*,#2415,.F.);
#1743=ORIENTED_EDGE('',*,*,#2487,.F.);
#1744=ORIENTED_EDGE('',*,*,#2403,.F.);
#1745=ORIENTED_EDGE('',*,*,#2489,.F.);
#1746=ORIENTED_EDGE('',*,*,#2399,.F.);
#1747=ORIENTED_EDGE('',*,*,#2493,.F.);
#1748=ORIENTED_EDGE('',*,*,#2391,.F.);
#1749=ORIENTED_EDGE('',*,*,#2497,.F.);
#1750=ORIENTED_EDGE('',*,*,#2383,.F.);
#1751=ORIENTED_EDGE('',*,*,#2500,.T.);
#1752=ORIENTED_EDGE('',*,*,#2377,.T.);
#1753=ORIENTED_EDGE('',*,*,#2502,.T.);
#1754=ORIENTED_EDGE('',*,*,#2373,.T.);
#1755=ORIENTED_EDGE('',*,*,#2341,.F.);
#1756=ORIENTED_EDGE('',*,*,#2522,.F.);
#1757=ORIENTED_EDGE('',*,*,#2337,.F.);
#1758=ORIENTED_EDGE('',*,*,#2524,.F.);
#1759=ORIENTED_EDGE('',*,*,#2333,.F.);
#1760=ORIENTED_EDGE('',*,*,#2526,.F.);
#1761=CARTESIAN_POINT('',(-0.045,1.968,0.0));
#1762=DIRECTION('',(1.0,0.0,-0.0));
#1763=DIRECTION('',(-0.0,1.0,0.0));
#1764=ORIENTED_EDGE('',*,*,#2642,.F.);
#1765=ORIENTED_EDGE('',*,*,#2643,.F.);
#1766=ORIENTED_EDGE('',*,*,#2625,.T.);
#1767=ORIENTED_EDGE('',*,*,#2638,.T.);
#1768=CARTESIAN_POINT('',(-0.04,1.968,0.01));
#1769=DIRECTION('',(0.0,1.0,0.0));
#1770=DIRECTION('',(0.0,0.0,-1.0));
#1771=ORIENTED_EDGE('',*,*,#2558,.F.);
#1772=ORIENTED_EDGE('',*,*,#2644,.T.);
#1773=ORIENTED_EDGE('',*,*,#2567,.T.);
#1774=ORIENTED_EDGE('',*,*,#2645,.T.);
#1775=ORIENTED_EDGE('',*,*,#2646,.F.);
#1776=ORIENTED_EDGE('',*,*,#2647,.T.);
#1777=ORIENTED_EDGE('',*,*,#2427,.F.);
#1778=ORIENTED_EDGE('',*,*,#2475,.F.);
#1779=ORIENTED_EDGE('',*,*,#2648,.T.);
#1780=ORIENTED_EDGE('',*,*,#2560,.F.);
#1781=ORIENTED_EDGE('',*,*,#2649,.T.);
#1782=ORIENTED_EDGE('',*,*,#2571,.T.);
#1783=ORIENTED_EDGE('',*,*,#2613,.F.);
#1784=ORIENTED_EDGE('',*,*,#2650,.F.);
#1785=ORIENTED_EDGE('',*,*,#2651,.T.);
#1786=ORIENTED_EDGE('',*,*,#2652,.F.);
#1787=ORIENTED_EDGE('',*,*,#2653,.T.);
#1788=ORIENTED_EDGE('',*,*,#2551,.F.);
#1789=ORIENTED_EDGE('',*,*,#2293,.F.);
#1790=ORIENTED_EDGE('',*,*,#2654,.T.);
#1791=ORIENTED_EDGE('',*,*,#2582,.F.);
#1792=ORIENTED_EDGE('',*,*,#2655,.T.);
#1793=ORIENTED_EDGE('',*,*,#2548,.F.);
#1794=ORIENTED_EDGE('',*,*,#2297,.F.);
#1795=ORIENTED_EDGE('',*,*,#2656,.T.);
#1796=ORIENTED_EDGE('',*,*,#2584,.F.);
#1797=ORIENTED_EDGE('',*,*,#2657,.T.);
#1798=ORIENTED_EDGE('',*,*,#2602,.F.);
#1799=ORIENTED_EDGE('',*,*,#2626,.T.);
#1800=ORIENTED_EDGE('',*,*,#2643,.T.);
#1801=ORIENTED_EDGE('',*,*,#2658,.T.);
#1802=ORIENTED_EDGE('',*,*,#2659,.F.);
#1803=ORIENTED_EDGE('',*,*,#2660,.T.);
#1804=ORIENTED_EDGE('',*,*,#2431,.F.);
#1805=ORIENTED_EDGE('',*,*,#2472,.F.);
#1806=ORIENTED_EDGE('',*,*,#2661,.T.);
#1807=ORIENTED_EDGE('',*,*,#2464,.T.);
#1808=ORIENTED_EDGE('',*,*,#2445,.T.);
#1809=ORIENTED_EDGE('',*,*,#2466,.T.);
#1810=ORIENTED_EDGE('',*,*,#2441,.T.);
#1811=ORIENTED_EDGE('',*,*,#2468,.T.);
#1812=ORIENTED_EDGE('',*,*,#2437,.T.);
#1813=ORIENTED_EDGE('',*,*,#2477,.F.);
#1814=ORIENTED_EDGE('',*,*,#2423,.F.);
#1815=ORIENTED_EDGE('',*,*,#2479,.F.);
#1816=ORIENTED_EDGE('',*,*,#2419,.F.);
#1817=ORIENTED_EDGE('',*,*,#2504,.T.);
#1818=ORIENTED_EDGE('',*,*,#2369,.T.);
#1819=ORIENTED_EDGE('',*,*,#2506,.T.);
#1820=ORIENTED_EDGE('',*,*,#2365,.T.);
#1821=ORIENTED_EDGE('',*,*,#2513,.F.);
#1822=ORIENTED_EDGE('',*,*,#2662,.F.);
#1823=ORIENTED_EDGE('',*,*,#2508,.F.);
#1824=ORIENTED_EDGE('',*,*,#2361,.F.);
#1825=ORIENTED_EDGE('',*,*,#2663,.F.);
#1826=ORIENTED_EDGE('',*,*,#2355,.F.);
#1827=ORIENTED_EDGE('',*,*,#2305,.F.);
#1828=ORIENTED_EDGE('',*,*,#2664,.F.);
#1829=ORIENTED_EDGE('',*,*,#2299,.F.);
#1830=ORIENTED_EDGE('',*,*,#2547,.F.);
#1831=ORIENTED_EDGE('',*,*,#2665,.F.);
#1832=ORIENTED_EDGE('',*,*,#2542,.F.);
#1833=ORIENTED_EDGE('',*,*,#2519,.F.);
#1834=ORIENTED_EDGE('',*,*,#2666,.F.);
#1835=ORIENTED_EDGE('',*,*,#2514,.F.);
#1836=ORIENTED_EDGE('',*,*,#2353,.F.);
#1837=ORIENTED_EDGE('',*,*,#2667,.F.);
#1838=ORIENTED_EDGE('',*,*,#2347,.F.);
#1839=ORIENTED_EDGE('',*,*,#2313,.F.);
#1840=ORIENTED_EDGE('',*,*,#2668,.F.);
#1841=ORIENTED_EDGE('',*,*,#2307,.F.);
#1842=ORIENTED_EDGE('',*,*,#2541,.F.);
#1843=ORIENTED_EDGE('',*,*,#2669,.F.);
#1844=ORIENTED_EDGE('',*,*,#2536,.F.);
#1845=ORIENTED_EDGE('',*,*,#2521,.F.);
#1846=ORIENTED_EDGE('',*,*,#2343,.F.);
#1847=ORIENTED_EDGE('',*,*,#2529,.F.);
#1848=ORIENTED_EDGE('',*,*,#2327,.F.);
#1849=ORIENTED_EDGE('',*,*,#2531,.F.);
#1850=ORIENTED_EDGE('',*,*,#2323,.F.);
#1851=ORIENTED_EDGE('',*,*,#2533,.F.);
#1852=ORIENTED_EDGE('',*,*,#2319,.F.);
#1853=ORIENTED_EDGE('',*,*,#2535,.F.);
#1854=ORIENTED_EDGE('',*,*,#2315,.F.);
#1855=CARTESIAN_POINT('',(-0.05,1.968,0.005));
#1856=DIRECTION('',(1.83697019872103E-16,-0.0,1.0));
#1857=DIRECTION('',(1.0,0.0,-1.83697019872103E-16));
#1858=ORIENTED_EDGE('',*,*,#2593,.F.);
#1859=ORIENTED_EDGE('',*,*,#2650,.T.);
#1860=ORIENTED_EDGE('',*,*,#2612,.F.);
#1861=ORIENTED_EDGE('',*,*,#2670,.F.);
#1862=CARTESIAN_POINT('',(0.04,1.968,0.00999999999999998));
#1863=DIRECTION('',(0.0,1.0,0.0));
#1864=DIRECTION('',(0.0,0.0,-1.0));
#1865=ORIENTED_EDGE('',*,*,#2596,.F.);
#1866=ORIENTED_EDGE('',*,*,#2671,.T.);
#1867=ORIENTED_EDGE('',*,*,#2672,.T.);
#1868=ORIENTED_EDGE('',*,*,#2673,.T.);
#1869=ORIENTED_EDGE('',*,*,#2588,.F.);
#1870=ORIENTED_EDGE('',*,*,#2670,.T.);
#1871=ORIENTED_EDGE('',*,*,#2611,.F.);
#1872=ORIENTED_EDGE('',*,*,#2674,.F.);
#1873=ORIENTED_EDGE('',*,*,#2627,.T.);
#1874=ORIENTED_EDGE('',*,*,#2600,.T.);
#1875=ORIENTED_EDGE('',*,*,#2413,.F.);
#1876=ORIENTED_EDGE('',*,*,#2482,.F.);
#1877=ORIENTED_EDGE('',*,*,#2409,.F.);
#1878=ORIENTED_EDGE('',*,*,#2484,.F.);
#1879=ORIENTED_EDGE('',*,*,#2397,.F.);
#1880=ORIENTED_EDGE('',*,*,#2490,.F.);
#1881=ORIENTED_EDGE('',*,*,#2389,.F.);
#1882=ORIENTED_EDGE('',*,*,#2494,.F.);
#1883=ORIENTED_EDGE('',*,*,#2381,.F.);
#1884=ORIENTED_EDGE('',*,*,#2498,.F.);
#1885=CARTESIAN_POINT('',(0.045,1.968,-1.60567373525746E-17));
#1886=DIRECTION('',(-1.0,0.0,4.62592926927149E-16));
#1887=DIRECTION('',(0.0,1.0,0.0));
#1888=ORIENTED_EDGE('',*,*,#2610,.F.);
#1889=ORIENTED_EDGE('',*,*,#2675,.F.);
#1890=ORIENTED_EDGE('',*,*,#2628,.T.);
#1891=ORIENTED_EDGE('',*,*,#2674,.T.);
#1892=CARTESIAN_POINT('',(0.05,1.968,0.06));
#1893=DIRECTION('',(1.38777878078145E-15,-0.0,1.0));
#1894=DIRECTION('',(1.0,0.0,-1.38777878078145E-15));
#1895=ORIENTED_EDGE('',*,*,#2676,.F.);
#1896=ORIENTED_EDGE('',*,*,#2677,.T.);
#1897=ORIENTED_EDGE('',*,*,#2594,.T.);
#1898=ORIENTED_EDGE('',*,*,#2603,.F.);
#1899=ORIENTED_EDGE('',*,*,#2629,.F.);
#1900=ORIENTED_EDGE('',*,*,#2675,.T.);
#1901=ORIENTED_EDGE('',*,*,#2609,.F.);
#1902=ORIENTED_EDGE('',*,*,#2678,.F.);
#1903=ORIENTED_EDGE('',*,*,#2590,.F.);
#1904=ORIENTED_EDGE('',*,*,#2679,.T.);
#1905=ORIENTED_EDGE('',*,*,#2483,.F.);
#1906=ORIENTED_EDGE('',*,*,#2411,.F.);
#1907=ORIENTED_EDGE('',*,*,#2485,.F.);
#1908=ORIENTED_EDGE('',*,*,#2407,.F.);
#1909=ORIENTED_EDGE('',*,*,#2491,.F.);
#1910=ORIENTED_EDGE('',*,*,#2395,.F.);
#1911=ORIENTED_EDGE('',*,*,#2495,.F.);
#1912=ORIENTED_EDGE('',*,*,#2387,.F.);
#1913=ORIENTED_EDGE('',*,*,#2499,.F.);
#1914=ORIENTED_EDGE('',*,*,#2379,.F.);
#1915=CARTESIAN_POINT('',(0.05,1.968,-1.83697019872103E-17));
#1916=DIRECTION('',(-1.0,0.0,4.62592926927149E-16));
#1917=DIRECTION('',(0.0,1.0,0.0));
#1918=ORIENTED_EDGE('',*,*,#2680,.F.);
#1919=ORIENTED_EDGE('',*,*,#2591,.T.);
#1920=ORIENTED_EDGE('',*,*,#2678,.T.);
#1921=ORIENTED_EDGE('',*,*,#2608,.T.);
#1922=CARTESIAN_POINT('',(0.04,1.968,0.00999999999999998));
#1923=DIRECTION('',(0.0,1.0,0.0));
#1924=DIRECTION('',(0.0,0.0,-1.0));
#1925=ORIENTED_EDGE('',*,*,#2574,.F.);
#1926=ORIENTED_EDGE('',*,*,#2681,.T.);
#1927=ORIENTED_EDGE('',*,*,#2556,.F.);
#1928=ORIENTED_EDGE('',*,*,#2682,.T.);
#1929=ORIENTED_EDGE('',*,*,#2470,.T.);
#1930=ORIENTED_EDGE('',*,*,#2433,.T.);
#1931=ORIENTED_EDGE('',*,*,#2683,.T.);
#1932=ORIENTED_EDGE('',*,*,#2684,.F.);
#1933=ORIENTED_EDGE('',*,*,#2685,.T.);
#1934=ORIENTED_EDGE('',*,*,#2686,.F.);
#1935=ORIENTED_EDGE('',*,*,#2630,.F.);
#1936=ORIENTED_EDGE('',*,*,#2604,.T.);
#1937=ORIENTED_EDGE('',*,*,#2687,.T.);
#1938=ORIENTED_EDGE('',*,*,#2586,.F.);
#1939=ORIENTED_EDGE('',*,*,#2688,.T.);
#1940=ORIENTED_EDGE('',*,*,#2295,.T.);
#1941=ORIENTED_EDGE('',*,*,#2550,.T.);
#1942=ORIENTED_EDGE('',*,*,#2689,.T.);
#1943=ORIENTED_EDGE('',*,*,#2580,.F.);
#1944=ORIENTED_EDGE('',*,*,#2690,.T.);
#1945=ORIENTED_EDGE('',*,*,#2291,.T.);
#1946=ORIENTED_EDGE('',*,*,#2553,.T.);
#1947=ORIENTED_EDGE('',*,*,#2691,.T.);
#1948=ORIENTED_EDGE('',*,*,#2692,.F.);
#1949=ORIENTED_EDGE('',*,*,#2693,.T.);
#1950=ORIENTED_EDGE('',*,*,#2680,.T.);
#1951=ORIENTED_EDGE('',*,*,#2607,.T.);
#1952=ORIENTED_EDGE('',*,*,#2578,.F.);
#1953=ORIENTED_EDGE('',*,*,#2694,.T.);
#1954=ORIENTED_EDGE('',*,*,#2562,.F.);
#1955=ORIENTED_EDGE('',*,*,#2695,.T.);
#1956=ORIENTED_EDGE('',*,*,#2473,.T.);
#1957=ORIENTED_EDGE('',*,*,#2429,.T.);
#1958=ORIENTED_EDGE('',*,*,#2696,.T.);
#1959=ORIENTED_EDGE('',*,*,#2697,.F.);
#1960=ORIENTED_EDGE('',*,*,#2698,.T.);
#1961=ORIENTED_EDGE('',*,*,#2465,.F.);
#1962=ORIENTED_EDGE('',*,*,#2443,.F.);
#1963=ORIENTED_EDGE('',*,*,#2467,.F.);
#1964=ORIENTED_EDGE('',*,*,#2439,.F.);
#1965=ORIENTED_EDGE('',*,*,#2469,.F.);
#1966=ORIENTED_EDGE('',*,*,#2435,.F.);
#1967=ORIENTED_EDGE('',*,*,#2476,.T.);
#1968=ORIENTED_EDGE('',*,*,#2425,.T.);
#1969=ORIENTED_EDGE('',*,*,#2478,.T.);
#1970=ORIENTED_EDGE('',*,*,#2421,.T.);
#1971=ORIENTED_EDGE('',*,*,#2505,.F.);
#1972=ORIENTED_EDGE('',*,*,#2367,.F.);
#1973=ORIENTED_EDGE('',*,*,#2507,.F.);
#1974=ORIENTED_EDGE('',*,*,#2363,.F.);
#1975=ORIENTED_EDGE('',*,*,#2699,.T.);
#1976=ORIENTED_EDGE('',*,*,#2511,.T.);
#1977=ORIENTED_EDGE('',*,*,#2357,.T.);
#1978=ORIENTED_EDGE('',*,*,#2700,.T.);
#1979=ORIENTED_EDGE('',*,*,#2359,.T.);
#1980=ORIENTED_EDGE('',*,*,#2510,.T.);
#1981=ORIENTED_EDGE('',*,*,#2701,.T.);
#1982=ORIENTED_EDGE('',*,*,#2303,.T.);
#1983=ORIENTED_EDGE('',*,*,#2544,.T.);
#1984=ORIENTED_EDGE('',*,*,#2702,.T.);
#1985=ORIENTED_EDGE('',*,*,#2545,.T.);
#1986=ORIENTED_EDGE('',*,*,#2301,.T.);
#1987=ORIENTED_EDGE('',*,*,#2703,.T.);
#1988=ORIENTED_EDGE('',*,*,#2517,.T.);
#1989=ORIENTED_EDGE('',*,*,#2349,.T.);
#1990=ORIENTED_EDGE('',*,*,#2704,.T.);
#1991=ORIENTED_EDGE('',*,*,#2351,.T.);
#1992=ORIENTED_EDGE('',*,*,#2516,.T.);
#1993=ORIENTED_EDGE('',*,*,#2705,.T.);
#1994=ORIENTED_EDGE('',*,*,#2311,.T.);
#1995=ORIENTED_EDGE('',*,*,#2538,.T.);
#1996=ORIENTED_EDGE('',*,*,#2706,.T.);
#1997=ORIENTED_EDGE('',*,*,#2539,.T.);
#1998=ORIENTED_EDGE('',*,*,#2309,.T.);
#1999=ORIENTED_EDGE('',*,*,#2520,.T.);
#2000=ORIENTED_EDGE('',*,*,#2345,.T.);
#2001=ORIENTED_EDGE('',*,*,#2528,.T.);
#2002=ORIENTED_EDGE('',*,*,#2329,.T.);
#2003=ORIENTED_EDGE('',*,*,#2530,.T.);
#2004=ORIENTED_EDGE('',*,*,#2325,.T.);
#2005=ORIENTED_EDGE('',*,*,#2532,.T.);
#2006=ORIENTED_EDGE('',*,*,#2321,.T.);
#2007=ORIENTED_EDGE('',*,*,#2534,.T.);
#2008=ORIENTED_EDGE('',*,*,#2317,.T.);
#2009=CARTESIAN_POINT('',(-0.05,1.968,0.0));
#2010=DIRECTION('',(1.83697019872103E-16,-0.0,1.0));
#2011=DIRECTION('',(1.0,0.0,-1.83697019872103E-16));
#2012=ORIENTED_EDGE('',*,*,#2686,.T.);
#2013=ORIENTED_EDGE('',*,*,#2707,.T.);
#2014=ORIENTED_EDGE('',*,*,#2623,.F.);
#2015=ORIENTED_EDGE('',*,*,#2631,.F.);
#2016=CARTESIAN_POINT('',(-0.04,1.968,0.01));
#2017=DIRECTION('',(0.0,1.0,0.0));
#2018=DIRECTION('',(0.0,0.0,-1.0));
#2019=ORIENTED_EDGE('',*,*,#2668,.T.);
#2020=ORIENTED_EDGE('',*,*,#2312,.F.);
#2021=ORIENTED_EDGE('',*,*,#2705,.F.);
#2022=ORIENTED_EDGE('',*,*,#2308,.T.);
#2023=CARTESIAN_POINT('',(-0.0277769511386671,0.622648153595153,-1.73472347597681E-17));
#2024=DIRECTION('',(0.18223552549207,0.983254907563969,0.0));
#2025=DIRECTION('',(0.0,0.0,-1.0));
#2026=ORIENTED_EDGE('',*,*,#2669,.T.);
#2027=ORIENTED_EDGE('',*,*,#2540,.F.);
#2028=ORIENTED_EDGE('',*,*,#2706,.F.);
#2029=ORIENTED_EDGE('',*,*,#2537,.T.);
#2030=CARTESIAN_POINT('',(-0.029743460953795,0.611987375353863,-1.73472347597681E-17));
#2031=DIRECTION('',(0.18223552549207,-0.983254907563969,0.0));
#2032=DIRECTION('',(0.0,0.0,-1.0));
#2033=ORIENTED_EDGE('',*,*,#2666,.T.);
#2034=ORIENTED_EDGE('',*,*,#2518,.F.);
#2035=ORIENTED_EDGE('',*,*,#2703,.F.);
#2036=ORIENTED_EDGE('',*,*,#2515,.T.);
#2037=CARTESIAN_POINT('',(0.0297434609538156,0.189487375353863,-1.73472347597681E-17));
#2038=DIRECTION('',(-0.18223552549207,-0.983254907563969,0.0));
#2039=DIRECTION('',(-0.983254907563969,0.18223552549207,0.0));
#2040=ORIENTED_EDGE('',*,*,#2667,.T.);
#2041=ORIENTED_EDGE('',*,*,#2352,.F.);
#2042=ORIENTED_EDGE('',*,*,#2704,.F.);
#2043=ORIENTED_EDGE('',*,*,#2348,.T.);
#2044=CARTESIAN_POINT('',(0.0277769511386877,0.200148153595153,-1.73472347597681E-17));
#2045=DIRECTION('',(-0.18223552549207,0.983254907563969,0.0));
#2046=DIRECTION('',(0.0,0.0,1.0));
#2047=ORIENTED_EDGE('',*,*,#2664,.T.);
#2048=ORIENTED_EDGE('',*,*,#2304,.F.);
#2049=ORIENTED_EDGE('',*,*,#2701,.F.);
#2050=ORIENTED_EDGE('',*,*,#2300,.T.);
#2051=CARTESIAN_POINT('',(-0.0277769511386758,0.200148153595153,-1.73472347597681E-17));
#2052=DIRECTION('',(0.182235525492181,0.983254907563948,0.0));
#2053=DIRECTION('',(0.0,0.0,-1.0));
#2054=ORIENTED_EDGE('',*,*,#2665,.T.);
#2055=ORIENTED_EDGE('',*,*,#2546,.F.);
#2056=ORIENTED_EDGE('',*,*,#2702,.F.);
#2057=ORIENTED_EDGE('',*,*,#2543,.T.);
#2058=CARTESIAN_POINT('',(-0.0297434609538037,0.189487375353862,-1.73472347597681E-17));
#2059=DIRECTION('',(0.182235525492181,-0.983254907563948,0.0));
#2060=DIRECTION('',(0.0,0.0,-1.0));
#2061=ORIENTED_EDGE('',*,*,#2662,.T.);
#2062=ORIENTED_EDGE('',*,*,#2512,.F.);
#2063=ORIENTED_EDGE('',*,*,#2699,.F.);
#2064=ORIENTED_EDGE('',*,*,#2509,.T.);
#2065=CARTESIAN_POINT('',(0.0297434609538243,0.611987375353863,-1.73472347597681E-17));
#2066=DIRECTION('',(-0.18223552549207,-0.983254907563969,0.0));
#2067=DIRECTION('',(-0.983254907563969,0.18223552549207,0.0));
#2068=ORIENTED_EDGE('',*,*,#2663,.T.);
#2069=ORIENTED_EDGE('',*,*,#2360,.F.);
#2070=ORIENTED_EDGE('',*,*,#2700,.F.);
#2071=ORIENTED_EDGE('',*,*,#2356,.T.);
#2072=CARTESIAN_POINT('',(0.0277769511386964,0.622648153595153,-1.73472347597681E-17));
#2073=DIRECTION('',(-0.18223552549207,0.983254907563969,0.0));
#2074=DIRECTION('',(0.0,0.0,1.0));
#2075=ORIENTED_EDGE('',*,*,#2652,.T.);
#2076=ORIENTED_EDGE('',*,*,#2708,.T.);
#2077=ORIENTED_EDGE('',*,*,#2692,.T.);
#2078=ORIENTED_EDGE('',*,*,#2709,.T.);
#2079=CARTESIAN_POINT('',(0.037,0.9025,0.015));
#2080=DIRECTION('',(-1.0,9.07044954759115E-17,1.83697019872103E-16));
#2081=DIRECTION('',(9.07044954759115E-17,1.0,0.0));
#2082=ORIENTED_EDGE('',*,*,#2676,.T.);
#2083=ORIENTED_EDGE('',*,*,#2710,.T.);
#2084=ORIENTED_EDGE('',*,*,#2672,.F.);
#2085=ORIENTED_EDGE('',*,*,#2711,.T.);
#2086=CARTESIAN_POINT('',(2.75545529808154E-18,0.0,0.015));
#2087=DIRECTION('',(-1.83697019872103E-16,0.0,-1.0));
#2088=DIRECTION('',(-1.0,0.0,1.83697019872103E-16));
#2089=ORIENTED_EDGE('',*,*,#2651,.F.);
#2090=ORIENTED_EDGE('',*,*,#2592,.T.);
#2091=ORIENTED_EDGE('',*,*,#2693,.F.);
#2092=ORIENTED_EDGE('',*,*,#2708,.F.);
#2093=CARTESIAN_POINT('',(0.04,0.9055,0.015));
#2094=DIRECTION('',(0.0,0.0,-1.0));
#2095=DIRECTION('',(1.0,0.0,0.0));
#2096=ORIENTED_EDGE('',*,*,#2679,.F.);
#2097=ORIENTED_EDGE('',*,*,#2589,.F.);
#2098=ORIENTED_EDGE('',*,*,#2673,.F.);
#2099=ORIENTED_EDGE('',*,*,#2710,.F.);
#2100=CARTESIAN_POINT('',(2.20436423846524E-18,0.9055,0.012));
#2101=DIRECTION('',(1.0,0.0,-1.83697019872103E-16));
#2102=DIRECTION('',(1.83697019872103E-16,0.0,1.0));
#2103=ORIENTED_EDGE('',*,*,#2671,.F.);
#2104=ORIENTED_EDGE('',*,*,#2595,.F.);
#2105=ORIENTED_EDGE('',*,*,#2677,.F.);
#2106=ORIENTED_EDGE('',*,*,#2711,.F.);
#2107=CARTESIAN_POINT('',(2.20436423846524E-18,0.976,0.012));
#2108=DIRECTION('',(-1.0,0.0,1.83697019872103E-16));
#2109=DIRECTION('',(-1.83697019872103E-16,0.0,-1.0));
#2110=ORIENTED_EDGE('',*,*,#2655,.F.);
#2111=ORIENTED_EDGE('',*,*,#2581,.F.);
#2112=ORIENTED_EDGE('',*,*,#2689,.F.);
#2113=ORIENTED_EDGE('',*,*,#2549,.F.);
#2114=CARTESIAN_POINT('',(0.04,0.942875484503402,0.00499999999999999));
#2115=DIRECTION('',(2.89120579329468E-16,0.0,1.0));
#2116=DIRECTION('',(-1.0,0.0,2.89120579329468E-16));
#2117=ORIENTED_EDGE('',*,*,#2656,.F.);
#2118=ORIENTED_EDGE('',*,*,#2296,.F.);
#2119=ORIENTED_EDGE('',*,*,#2688,.F.);
#2120=ORIENTED_EDGE('',*,*,#2585,.F.);
#2121=CARTESIAN_POINT('',(0.04,0.975124515496598,0.00499999999999999));
#2122=DIRECTION('',(2.89120579329468E-16,0.0,1.0));
#2123=DIRECTION('',(-1.0,0.0,2.89120579329468E-16));
#2124=ORIENTED_EDGE('',*,*,#2657,.F.);
#2125=ORIENTED_EDGE('',*,*,#2587,.F.);
#2126=ORIENTED_EDGE('',*,*,#2687,.F.);
#2127=ORIENTED_EDGE('',*,*,#2598,.T.);
#2128=CARTESIAN_POINT('',(0.04,0.976,0.015));
#2129=DIRECTION('',(0.0,0.0,-1.0));
#2130=DIRECTION('',(1.0,0.0,0.0));
#2131=ORIENTED_EDGE('',*,*,#2653,.F.);
#2132=ORIENTED_EDGE('',*,*,#2709,.F.);
#2133=ORIENTED_EDGE('',*,*,#2691,.F.);
#2134=ORIENTED_EDGE('',*,*,#2552,.F.);
#2135=CARTESIAN_POINT('',(0.04,0.907533370452905,0.00499999999999999));
#2136=DIRECTION('',(2.89120579329468E-16,0.0,1.0));
#2137=DIRECTION('',(-1.0,0.0,2.89120579329468E-16));
#2138=ORIENTED_EDGE('',*,*,#2654,.F.);
#2139=ORIENTED_EDGE('',*,*,#2292,.F.);
#2140=ORIENTED_EDGE('',*,*,#2690,.F.);
#2141=ORIENTED_EDGE('',*,*,#2583,.F.);
#2142=CARTESIAN_POINT('',(0.04,0.937466629547095,0.00499999999999999));
#2143=DIRECTION('',(2.89120579329468E-16,0.0,1.0));
#2144=DIRECTION('',(-1.0,0.0,2.89120579329468E-16));
#2145=ORIENTED_EDGE('',*,*,#2712,.F.);
#2146=ORIENTED_EDGE('',*,*,#2577,.F.);
#2147=ORIENTED_EDGE('',*,*,#2713,.F.);
#2148=ORIENTED_EDGE('',*,*,#2568,.T.);
#2149=CARTESIAN_POINT('',(-0.05,1.453,0.015));
#2150=DIRECTION('',(0.0,-1.0,0.0));
#2151=DIRECTION('',(0.0,0.0,-1.0));
#2152=ORIENTED_EDGE('',*,*,#2714,.F.);
#2153=ORIENTED_EDGE('',*,*,#2566,.T.);
#2154=ORIENTED_EDGE('',*,*,#2715,.F.);
#2155=ORIENTED_EDGE('',*,*,#2575,.F.);
#2156=CARTESIAN_POINT('',(-0.05,1.483,0.015));
#2157=DIRECTION('',(0.0,1.0,0.0));
#2158=DIRECTION('',(1.0,0.0,-0.0));
#2159=ORIENTED_EDGE('',*,*,#2697,.T.);
#2160=ORIENTED_EDGE('',*,*,#2716,.T.);
#2161=ORIENTED_EDGE('',*,*,#2646,.T.);
#2162=ORIENTED_EDGE('',*,*,#2717,.T.);
#2163=CARTESIAN_POINT('',(-0.035,1.453,0.015));
#2164=DIRECTION('',(1.0,-2.31296463463576E-16,-1.83697019872103E-16));
#2165=DIRECTION('',(-2.31296463463576E-16,-1.0,0.0));
#2166=ORIENTED_EDGE('',*,*,#2619,.T.);
#2167=ORIENTED_EDGE('',*,*,#2718,.T.);
#2168=ORIENTED_EDGE('',*,*,#2640,.F.);
#2169=ORIENTED_EDGE('',*,*,#2719,.T.);
#2170=CARTESIAN_POINT('',(2.75545529808154E-18,1.22992886456072E-64,0.015));
#2171=DIRECTION('',(-1.83697019872103E-16,-8.869660805111E-33,-1.0));
#2172=DIRECTION('',(-1.0,0.0,1.83697019872103E-16));
#2173=ORIENTED_EDGE('',*,*,#2720,.F.);
#2174=ORIENTED_EDGE('',*,*,#2573,.F.);
#2175=ORIENTED_EDGE('',*,*,#2721,.F.);
#2176=ORIENTED_EDGE('',*,*,#2564,.T.);
#2177=CARTESIAN_POINT('',(-0.05,1.703,0.015));
#2178=DIRECTION('',(0.0,-1.0,0.0));
#2179=DIRECTION('',(0.0,0.0,-1.0));
#2180=ORIENTED_EDGE('',*,*,#2722,.F.);
#2181=ORIENTED_EDGE('',*,*,#2642,.T.);
#2182=ORIENTED_EDGE('',*,*,#2723,.F.);
#2183=ORIENTED_EDGE('',*,*,#2707,.F.);
#2184=CARTESIAN_POINT('',(-0.05,1.733,0.015));
#2185=DIRECTION('',(0.0,1.0,0.0));
#2186=DIRECTION('',(1.0,0.0,-0.0));
#2187=ORIENTED_EDGE('',*,*,#2659,.T.);
#2188=ORIENTED_EDGE('',*,*,#2724,.T.);
#2189=ORIENTED_EDGE('',*,*,#2684,.T.);
#2190=ORIENTED_EDGE('',*,*,#2725,.T.);
#2191=CARTESIAN_POINT('',(-0.035,1.733,0.015));
#2192=DIRECTION('',(1.0,-2.31296463463576E-16,-1.83697019872103E-16));
#2193=DIRECTION('',(-2.31296463463576E-16,-1.0,0.0));
#2194=ORIENTED_EDGE('',*,*,#2616,.T.);
#2195=ORIENTED_EDGE('',*,*,#2726,.T.);
#2196=ORIENTED_EDGE('',*,*,#2636,.T.);
#2197=ORIENTED_EDGE('',*,*,#2727,.T.);
#2198=CARTESIAN_POINT('',(2.75545529808154E-18,1.22992886456072E-64,0.015));
#2199=DIRECTION('',(1.83697019872103E-16,8.869660805111E-33,1.0));
#2200=DIRECTION('',(1.0,0.0,-1.83697019872103E-16));
#2201=ORIENTED_EDGE('',*,*,#2618,.F.);
#2202=ORIENTED_EDGE('',*,*,#2715,.T.);
#2203=ORIENTED_EDGE('',*,*,#2641,.F.);
#2204=ORIENTED_EDGE('',*,*,#2718,.F.);
#2205=CARTESIAN_POINT('',(1.83697019872103E-18,1.478,0.01));
#2206=DIRECTION('',(-1.0,0.0,1.83697019872103E-16));
#2207=DIRECTION('',(-1.83697019872103E-16,0.0,-1.0));
#2208=ORIENTED_EDGE('',*,*,#2648,.F.);
#2209=ORIENTED_EDGE('',*,*,#2474,.F.);
#2210=ORIENTED_EDGE('',*,*,#2695,.F.);
#2211=ORIENTED_EDGE('',*,*,#2561,.F.);
#2212=CARTESIAN_POINT('',(-0.04,1.45969337613708,0.00500000000000001));
#2213=DIRECTION('',(1.73472347597681E-16,0.0,1.0));
#2214=DIRECTION('',(-1.0,0.0,1.73472347597681E-16));
#2215=ORIENTED_EDGE('',*,*,#2647,.F.);
#2216=ORIENTED_EDGE('',*,*,#2716,.F.);
#2217=ORIENTED_EDGE('',*,*,#2696,.F.);
#2218=ORIENTED_EDGE('',*,*,#2428,.F.);
#2219=CARTESIAN_POINT('',(-0.04,1.47630662386292,0.00500000000000001));
#2220=DIRECTION('',(1.73472347597681E-16,0.0,1.0));
#2221=DIRECTION('',(-1.0,0.0,1.73472347597681E-16));
#2222=ORIENTED_EDGE('',*,*,#2645,.F.);
#2223=ORIENTED_EDGE('',*,*,#2714,.T.);
#2224=ORIENTED_EDGE('',*,*,#2698,.F.);
#2225=ORIENTED_EDGE('',*,*,#2717,.F.);
#2226=CARTESIAN_POINT('',(-0.04,1.478,0.015));
#2227=DIRECTION('',(-3.46944695195362E-16,0.0,-1.0));
#2228=DIRECTION('',(1.0,0.0,-3.46944695195362E-16));
#2229=ORIENTED_EDGE('',*,*,#2649,.F.);
#2230=ORIENTED_EDGE('',*,*,#2563,.F.);
#2231=ORIENTED_EDGE('',*,*,#2694,.F.);
#2232=ORIENTED_EDGE('',*,*,#2712,.T.);
#2233=CARTESIAN_POINT('',(-0.04,1.458,0.015));
#2234=DIRECTION('',(-3.46944695195362E-16,0.0,-1.0));
#2235=DIRECTION('',(1.0,0.0,-3.46944695195362E-16));
#2236=ORIENTED_EDGE('',*,*,#2639,.F.);
#2237=ORIENTED_EDGE('',*,*,#2713,.T.);
#2238=ORIENTED_EDGE('',*,*,#2620,.F.);
#2239=ORIENTED_EDGE('',*,*,#2719,.F.);
#2240=CARTESIAN_POINT('',(1.83697019872103E-18,1.458,0.01));
#2241=DIRECTION('',(1.0,0.0,-1.83697019872103E-16));
#2242=DIRECTION('',(1.83697019872103E-16,0.0,1.0));
#2243=ORIENTED_EDGE('',*,*,#2624,.F.);
#2244=ORIENTED_EDGE('',*,*,#2723,.T.);
#2245=ORIENTED_EDGE('',*,*,#2637,.F.);
#2246=ORIENTED_EDGE('',*,*,#2726,.F.);
#2247=CARTESIAN_POINT('',(1.83697019872103E-18,1.728,0.01));
#2248=DIRECTION('',(1.0,0.0,-1.83697019872103E-16));
#2249=DIRECTION('',(1.83697019872103E-16,0.0,1.0));
#2250=ORIENTED_EDGE('',*,*,#2635,.F.);
#2251=ORIENTED_EDGE('',*,*,#2721,.T.);
#2252=ORIENTED_EDGE('',*,*,#2617,.F.);
#2253=ORIENTED_EDGE('',*,*,#2727,.F.);
#2254=CARTESIAN_POINT('',(1.83697019872103E-18,1.708,0.01));
#2255=DIRECTION('',(-1.0,0.0,1.83697019872103E-16));
#2256=DIRECTION('',(-1.83697019872103E-16,0.0,-1.0));
#2257=ORIENTED_EDGE('',*,*,#2644,.F.);
#2258=ORIENTED_EDGE('',*,*,#2557,.F.);
#2259=ORIENTED_EDGE('',*,*,#2681,.F.);
#2260=ORIENTED_EDGE('',*,*,#2720,.T.);
#2261=CARTESIAN_POINT('',(-0.04,1.708,0.015));
#2262=DIRECTION('',(-3.46944695195362E-16,0.0,-1.0));
#2263=DIRECTION('',(1.0,0.0,-3.46944695195362E-16));
#2264=ORIENTED_EDGE('',*,*,#2661,.F.);
#2265=ORIENTED_EDGE('',*,*,#2471,.F.);
#2266=ORIENTED_EDGE('',*,*,#2682,.F.);
#2267=ORIENTED_EDGE('',*,*,#2559,.F.);
#2268=CARTESIAN_POINT('',(-0.04,1.70969337613708,0.00500000000000001));
#2269=DIRECTION('',(1.73472347597681E-16,0.0,1.0));
#2270=DIRECTION('',(-1.0,0.0,1.73472347597681E-16));
#2271=ORIENTED_EDGE('',*,*,#2658,.F.);
#2272=ORIENTED_EDGE('',*,*,#2722,.T.);
#2273=ORIENTED_EDGE('',*,*,#2685,.F.);
#2274=ORIENTED_EDGE('',*,*,#2724,.F.);
#2275=CARTESIAN_POINT('',(-0.04,1.728,0.015));
#2276=DIRECTION('',(-3.46944695195362E-16,0.0,-1.0));
#2277=DIRECTION('',(1.0,0.0,-3.46944695195362E-16));
#2278=ORIENTED_EDGE('',*,*,#2660,.F.);
#2279=ORIENTED_EDGE('',*,*,#2725,.F.);
#2280=ORIENTED_EDGE('',*,*,#2683,.F.);
#2281=ORIENTED_EDGE('',*,*,#2432,.F.);
#2282=CARTESIAN_POINT('',(-0.04,1.72630662386292,0.00500000000000001));
#2283=DIRECTION('',(1.73472347597681E-16,0.0,1.0));
#2284=DIRECTION('',(-1.0,0.0,1.73472347597681E-16));
#2285=COLOUR_RGB('',0.560784339904785,0.560784339904785,0.686274528503418);
#2286=EDGE_CURVE('',#2728,#2729,#2730,.T.);
#2287=EDGE_CURVE('0:3089',#2728,#2731,#2732,.T.);
#2288=EDGE_CURVE('',#2733,#2731,#2734,.T.);
#2289=EDGE_CURVE('0:3092',#2733,#2729,#2735,.F.);
#2290=EDGE_CURVE('',#2736,#2737,#2738,.T.);
#2291=EDGE_CURVE('0:3077',#2739,#2736,#2740,.T.);
#2292=EDGE_CURVE('0:3080',#2739,#2741,#2742,.T.);
#2293=EDGE_CURVE('0:3083',#2741,#2737,#2743,.T.);
#2294=EDGE_CURVE('',#2744,#2745,#2746,.T.);
#2295=EDGE_CURVE('0:3065',#2747,#2744,#2748,.T.);
#2296=EDGE_CURVE('0:3068',#2747,#2749,#2750,.T.);
#2297=EDGE_CURVE('0:3071',#2749,#2745,#2751,.T.);
#2298=EDGE_CURVE('',#2752,#2753,#2754,.T.);
#2299=EDGE_CURVE('0:3053',#2752,#2755,#2756,.T.);
#2300=EDGE_CURVE('0:3056',#2757,#2755,#2758,.T.);
#2301=EDGE_CURVE('0:3059',#2753,#2757,#2759,.T.);
#2302=EDGE_CURVE('',#2760,#2761,#2762,.T.);
#2303=EDGE_CURVE('0:3041',#2763,#2760,#2764,.T.);
#2304=EDGE_CURVE('0:3044',#2763,#2765,#2766,.T.);
#2305=EDGE_CURVE('0:3047',#2765,#2761,#2767,.T.);
#2306=EDGE_CURVE('',#2768,#2769,#2770,.T.);
#2307=EDGE_CURVE('0:3029',#2768,#2771,#2772,.T.);
#2308=EDGE_CURVE('0:3032',#2773,#2771,#2774,.T.);
#2309=EDGE_CURVE('0:3035',#2769,#2773,#2775,.T.);
#2310=EDGE_CURVE('',#2776,#2777,#2778,.T.);
#2311=EDGE_CURVE('0:3017',#2779,#2776,#2780,.T.);
#2312=EDGE_CURVE('0:3020',#2779,#2781,#2782,.T.);
#2313=EDGE_CURVE('0:3023',#2781,#2777,#2783,.T.);
#2314=EDGE_CURVE('',#2784,#2785,#2786,.T.);
#2315=EDGE_CURVE('0:3011',#2784,#2787,#2788,.T.);
#2316=EDGE_CURVE('',#2789,#2787,#2790,.T.);
#2317=EDGE_CURVE('0:3014',#2785,#2789,#2791,.T.);
#2318=EDGE_CURVE('',#2792,#2793,#2794,.T.);
#2319=EDGE_CURVE('0:3005',#2792,#2795,#2796,.T.);
#2320=EDGE_CURVE('',#2797,#2795,#2798,.T.);
#2321=EDGE_CURVE('0:3008',#2793,#2797,#2799,.T.);
#2322=EDGE_CURVE('',#2800,#2801,#2802,.T.);
#2323=EDGE_CURVE('0:2999',#2800,#2803,#2804,.T.);
#2324=EDGE_CURVE('',#2805,#2803,#2806,.T.);
#2325=EDGE_CURVE('0:3002',#2801,#2805,#2807,.T.);
#2326=EDGE_CURVE('',#2808,#2809,#2810,.T.);
#2327=EDGE_CURVE('0:2993',#2808,#2811,#2812,.T.);
#2328=EDGE_CURVE('',#2813,#2811,#2814,.T.);
#2329=EDGE_CURVE('0:2996',#2809,#2813,#2815,.T.);
#2330=EDGE_CURVE('',#2816,#2817,#2818,.T.);
#2331=EDGE_CURVE('0:2987',#2816,#2819,#2820,.T.);
#2332=EDGE_CURVE('',#2821,#2819,#2822,.T.);
#2333=EDGE_CURVE('0:2990',#2821,#2817,#2823,.T.);
#2334=EDGE_CURVE('',#2824,#2825,#2826,.T.);
#2335=EDGE_CURVE('0:2981',#2824,#2827,#2828,.T.);
#2336=EDGE_CURVE('',#2829,#2827,#2830,.T.);
#2337=EDGE_CURVE('0:2984',#2829,#2825,#2831,.T.);
#2338=EDGE_CURVE('',#2832,#2833,#2834,.T.);
#2339=EDGE_CURVE('0:2975',#2832,#2835,#2836,.T.);
#2340=EDGE_CURVE('',#2837,#2835,#2838,.T.);
#2341=EDGE_CURVE('0:2978',#2837,#2833,#2839,.T.);
#2342=EDGE_CURVE('',#2840,#2841,#2842,.T.);
#2343=EDGE_CURVE('0:2969',#2840,#2843,#2844,.T.);
#2344=EDGE_CURVE('',#2845,#2843,#2846,.T.);
#2345=EDGE_CURVE('0:2972',#2841,#2845,#2847,.T.);
#2346=EDGE_CURVE('',#2848,#2849,#2850,.T.);
#2347=EDGE_CURVE('0:2957',#2848,#2851,#2852,.T.);
#2348=EDGE_CURVE('0:2960',#2853,#2851,#2854,.T.);
#2349=EDGE_CURVE('0:2963',#2849,#2853,#2855,.T.);
#2350=EDGE_CURVE('',#2856,#2857,#2858,.T.);
#2351=EDGE_CURVE('0:2945',#2859,#2856,#2860,.T.);
#2352=EDGE_CURVE('0:2948',#2859,#2861,#2862,.T.);
#2353=EDGE_CURVE('0:2951',#2861,#2857,#2863,.T.);
#2354=EDGE_CURVE('',#2864,#2865,#2866,.T.);
#2355=EDGE_CURVE('0:2933',#2864,#2867,#2868,.T.);
#2356=EDGE_CURVE('0:2936',#2869,#2867,#2870,.T.);
#2357=EDGE_CURVE('0:2939',#2865,#2869,#2871,.T.);
#2358=EDGE_CURVE('',#2872,#2873,#2874,.T.);
#2359=EDGE_CURVE('0:2921',#2875,#2872,#2876,.T.);
#2360=EDGE_CURVE('0:2924',#2875,#2877,#2878,.T.);
#2361=EDGE_CURVE('0:2927',#2877,#2873,#2879,.T.);
#2362=EDGE_CURVE('',#2880,#2881,#2882,.T.);
#2363=EDGE_CURVE('0:2915',#2880,#2883,#2884,.T.);
#2364=EDGE_CURVE('',#2885,#2883,#2886,.T.);
#2365=EDGE_CURVE('0:2918',#2881,#2885,#2887,.T.);
#2366=EDGE_CURVE('',#2888,#2889,#2890,.T.);
#2367=EDGE_CURVE('0:2909',#2888,#2891,#2892,.T.);
#2368=EDGE_CURVE('',#2893,#2891,#2894,.T.);
#2369=EDGE_CURVE('0:2912',#2889,#2893,#2895,.T.);
#2370=EDGE_CURVE('',#2896,#2897,#2898,.T.);
#2371=EDGE_CURVE('0:2903',#2896,#2899,#2900,.T.);
#2372=EDGE_CURVE('',#2901,#2899,#2902,.T.);
#2373=EDGE_CURVE('0:2906',#2897,#2901,#2903,.T.);
#2374=EDGE_CURVE('',#2904,#2905,#2906,.T.);
#2375=EDGE_CURVE('0:2897',#2904,#2907,#2908,.T.);
#2376=EDGE_CURVE('',#2909,#2907,#2910,.T.);
#2377=EDGE_CURVE('0:2900',#2905,#2909,#2911,.T.);
#2378=EDGE_CURVE('',#2912,#2913,#2914,.T.);
#2379=EDGE_CURVE('0:2891',#2912,#2915,#2916,.T.);
#2380=EDGE_CURVE('',#2917,#2915,#2918,.T.);
#2381=EDGE_CURVE('0:2894',#2917,#2913,#2919,.T.);
#2382=EDGE_CURVE('',#2920,#2921,#2922,.T.);
#2383=EDGE_CURVE('0:2885',#2920,#2923,#2924,.T.);
#2384=EDGE_CURVE('',#2925,#2923,#2926,.T.);
#2385=EDGE_CURVE('0:2888',#2921,#2925,#2927,.T.);
#2386=EDGE_CURVE('',#2928,#2929,#2930,.T.);
#2387=EDGE_CURVE('0:2879',#2928,#2931,#2932,.T.);
#2388=EDGE_CURVE('',#2933,#2931,#2934,.T.);
#2389=EDGE_CURVE('0:2882',#2933,#2929,#2935,.T.);
#2390=EDGE_CURVE('',#2936,#2937,#2938,.T.);
#2391=EDGE_CURVE('0:2873',#2936,#2939,#2940,.T.);
#2392=EDGE_CURVE('',#2941,#2939,#2942,.T.);
#2393=EDGE_CURVE('0:2876',#2937,#2941,#2943,.T.);
#2394=EDGE_CURVE('',#2944,#2945,#2946,.T.);
#2395=EDGE_CURVE('0:2867',#2944,#2947,#2948,.T.);
#2396=EDGE_CURVE('',#2949,#2947,#2950,.T.);
#2397=EDGE_CURVE('0:2870',#2949,#2945,#2951,.T.);
#2398=EDGE_CURVE('',#2952,#2953,#2954,.T.);
#2399=EDGE_CURVE('0:2861',#2952,#2955,#2956,.T.);
#2400=EDGE_CURVE('',#2957,#2955,#2958,.T.);
#2401=EDGE_CURVE('0:2864',#2953,#2957,#2959,.T.);
#2402=EDGE_CURVE('',#2960,#2961,#2962,.T.);
#2403=EDGE_CURVE('0:2855',#2960,#2963,#2964,.T.);
#2404=EDGE_CURVE('',#2965,#2963,#2966,.T.);
#2405=EDGE_CURVE('0:2858',#2961,#2965,#2967,.T.);
#2406=EDGE_CURVE('',#2968,#2969,#2970,.T.);
#2407=EDGE_CURVE('0:2849',#2968,#2971,#2972,.T.);
#2408=EDGE_CURVE('',#2973,#2971,#2974,.T.);
#2409=EDGE_CURVE('0:2852',#2973,#2969,#2975,.T.);
#2410=EDGE_CURVE('',#2976,#2977,#2978,.T.);
#2411=EDGE_CURVE('0:2843',#2976,#2979,#2980,.T.);
#2412=EDGE_CURVE('',#2981,#2979,#2982,.T.);
#2413=EDGE_CURVE('0:2846',#2981,#2977,#2983,.T.);
#2414=EDGE_CURVE('',#2984,#2985,#2986,.T.);
#2415=EDGE_CURVE('0:2837',#2984,#2987,#2988,.T.);
#2416=EDGE_CURVE('',#2989,#2987,#2990,.T.);
#2417=EDGE_CURVE('0:2840',#2985,#2989,#2991,.T.);
#2418=EDGE_CURVE('',#2992,#2993,#2994,.T.);
#2419=EDGE_CURVE('0:2831',#2992,#2995,#2996,.T.);
#2420=EDGE_CURVE('',#2997,#2995,#2998,.T.);
#2421=EDGE_CURVE('0:2834',#2993,#2997,#2999,.T.);
#2422=EDGE_CURVE('',#3000,#3001,#3002,.T.);
#2423=EDGE_CURVE('0:2825',#3000,#3003,#3004,.T.);
#2424=EDGE_CURVE('',#3005,#3003,#3006,.T.);
#2425=EDGE_CURVE('0:2828',#3001,#3005,#3007,.T.);
#2426=EDGE_CURVE('',#3008,#3009,#3010,.T.);
#2427=EDGE_CURVE('0:2813',#3008,#3011,#3012,.T.);
#2428=EDGE_CURVE('0:2816',#3011,#3013,#3014,.T.);
#2429=EDGE_CURVE('0:2819',#3009,#3013,#3015,.T.);
#2430=EDGE_CURVE('',#3016,#3017,#3018,.T.);
#2431=EDGE_CURVE('0:2801',#3016,#3019,#3020,.T.);
#2432=EDGE_CURVE('0:2804',#3019,#3021,#3022,.T.);
#2433=EDGE_CURVE('0:2807',#3017,#3021,#3023,.T.);
#2434=EDGE_CURVE('',#3024,#3025,#3026,.T.);
#2435=EDGE_CURVE('0:2795',#3024,#3027,#3028,.T.);
#2436=EDGE_CURVE('',#3029,#3027,#3030,.T.);
#2437=EDGE_CURVE('0:2798',#3025,#3029,#3031,.T.);
#2438=EDGE_CURVE('',#3032,#3033,#3034,.T.);
#2439=EDGE_CURVE('0:2789',#3032,#3035,#3036,.T.);
#2440=EDGE_CURVE('',#3037,#3035,#3038,.T.);
#2441=EDGE_CURVE('0:2792',#3033,#3037,#3039,.T.);
#2442=EDGE_CURVE('',#3040,#3041,#3042,.T.);
#2443=EDGE_CURVE('0:2783',#3040,#3043,#3044,.T.);
#2444=EDGE_CURVE('',#3045,#3043,#3046,.T.);
#2445=EDGE_CURVE('0:2786',#3041,#3045,#3047,.T.);
#2446=EDGE_CURVE('',#3048,#3049,#3050,.T.);
#2447=EDGE_CURVE('0:2777',#3048,#3051,#3052,.T.);
#2448=EDGE_CURVE('',#3053,#3051,#3054,.T.);
#2449=EDGE_CURVE('0:2780',#3049,#3053,#3055,.T.);
#2450=EDGE_CURVE('',#3056,#3057,#3058,.T.);
#2451=EDGE_CURVE('0:2771',#3056,#3059,#3060,.T.);
#2452=EDGE_CURVE('',#3061,#3059,#3062,.T.);
#2453=EDGE_CURVE('0:2774',#3057,#3061,#3063,.T.);
#2454=EDGE_CURVE('',#3064,#3065,#3066,.T.);
#2455=EDGE_CURVE('0:2768',#3067,#3064,#3068,.T.);
#2456=EDGE_CURVE('',#3069,#3067,#3070,.T.);
#2457=EDGE_CURVE('0:2765',#3065,#3069,#3071,.T.);
#2458=EDGE_CURVE('0:2765',#3069,#3065,#3072,.T.);
#2459=EDGE_CURVE('0:2768',#3064,#3067,#3073,.T.);
#2460=EDGE_CURVE('0:2774',#3061,#3057,#3074,.T.);
#2461=EDGE_CURVE('0:2771',#3059,#3056,#3075,.T.);
#2462=EDGE_CURVE('0:2780',#3053,#3049,#3076,.T.);
#2463=EDGE_CURVE('0:2777',#3051,#3048,#3077,.T.);
#2464=EDGE_CURVE('0:2786',#3045,#3041,#3078,.T.);
#2465=EDGE_CURVE('0:2783',#3043,#3040,#3079,.T.);
#2466=EDGE_CURVE('0:2792',#3037,#3033,#3080,.T.);
#2467=EDGE_CURVE('0:2789',#3035,#3032,#3081,.T.);
#2468=EDGE_CURVE('0:2798',#3029,#3025,#3082,.T.);
#2469=EDGE_CURVE('0:2795',#3027,#3024,#3083,.T.);
#2470=EDGE_CURVE('0:2807',#3084,#3017,#3085,.T.);
#2471=EDGE_CURVE('0:2810',#3084,#3086,#3087,.T.);
#2472=EDGE_CURVE('0:2801',#3086,#3016,#3088,.T.);
#2473=EDGE_CURVE('0:2819',#3089,#3009,#3090,.T.);
#2474=EDGE_CURVE('0:2822',#3089,#3091,#3092,.T.);
#2475=EDGE_CURVE('0:2813',#3091,#3008,#3093,.T.);
#2476=EDGE_CURVE('0:2828',#3005,#3001,#3094,.T.);
#2477=EDGE_CURVE('0:2825',#3003,#3000,#3095,.T.);
#2478=EDGE_CURVE('0:2834',#2997,#2993,#3096,.T.);
#2479=EDGE_CURVE('0:2831',#2995,#2992,#3097,.T.);
#2480=EDGE_CURVE('0:2840',#2989,#2985,#3098,.T.);
#2481=EDGE_CURVE('0:2837',#2987,#2984,#3099,.T.);
#2482=EDGE_CURVE('0:2846',#2977,#2981,#3100,.T.);
#2483=EDGE_CURVE('0:2843',#2979,#2976,#3101,.T.);
#2484=EDGE_CURVE('0:2852',#2969,#2973,#3102,.T.);
#2485=EDGE_CURVE('0:2849',#2971,#2968,#3103,.T.);
#2486=EDGE_CURVE('0:2858',#2965,#2961,#3104,.T.);
#2487=EDGE_CURVE('0:2855',#2963,#2960,#3105,.T.);
#2488=EDGE_CURVE('0:2864',#2957,#2953,#3106,.T.);
#2489=EDGE_CURVE('0:2861',#2955,#2952,#3107,.T.);
#2490=EDGE_CURVE('0:2870',#2945,#2949,#3108,.T.);
#2491=EDGE_CURVE('0:2867',#2947,#2944,#3109,.T.);
#2492=EDGE_CURVE('0:2876',#2941,#2937,#3110,.T.);
#2493=EDGE_CURVE('0:2873',#2939,#2936,#3111,.T.);
#2494=EDGE_CURVE('0:2882',#2929,#2933,#3112,.T.);
#2495=EDGE_CURVE('0:2879',#2931,#2928,#3113,.T.);
#2496=EDGE_CURVE('0:2888',#2925,#2921,#3114,.T.);
#2497=EDGE_CURVE('0:2885',#2923,#2920,#3115,.T.);
#2498=EDGE_CURVE('0:2894',#2913,#2917,#3116,.T.);
#2499=EDGE_CURVE('0:2891',#2915,#2912,#3117,.T.);
#2500=EDGE_CURVE('0:2900',#2909,#2905,#3118,.T.);
#2501=EDGE_CURVE('0:2897',#2907,#2904,#3119,.T.);
#2502=EDGE_CURVE('0:2906',#2901,#2897,#3120,.T.);
#2503=EDGE_CURVE('0:2903',#2899,#2896,#3121,.T.);
#2504=EDGE_CURVE('0:2912',#2893,#2889,#3122,.T.);
#2505=EDGE_CURVE('0:2909',#2891,#2888,#3123,.T.);
#2506=EDGE_CURVE('0:2918',#2885,#2881,#3124,.T.);
#2507=EDGE_CURVE('0:2915',#2883,#2880,#3125,.T.);
#2508=EDGE_CURVE('0:2927',#2873,#3126,#3127,.T.);
#2509=EDGE_CURVE('0:2930',#3128,#3126,#3129,.T.);
#2510=EDGE_CURVE('0:2921',#2872,#3128,#3130,.T.);
#2511=EDGE_CURVE('0:2939',#3131,#2865,#3132,.T.);
#2512=EDGE_CURVE('0:2942',#3131,#3133,#3134,.T.);
#2513=EDGE_CURVE('0:2933',#3133,#2864,#3135,.T.);
#2514=EDGE_CURVE('0:2951',#2857,#3136,#3137,.T.);
#2515=EDGE_CURVE('0:2954',#3138,#3136,#3139,.T.);
#2516=EDGE_CURVE('0:2945',#2856,#3138,#3140,.T.);
#2517=EDGE_CURVE('0:2963',#3141,#2849,#3142,.T.);
#2518=EDGE_CURVE('0:2966',#3141,#3143,#3144,.T.);
#2519=EDGE_CURVE('0:2957',#3143,#2848,#3145,.T.);
#2520=EDGE_CURVE('0:2972',#2845,#2841,#3146,.T.);
#2521=EDGE_CURVE('0:2969',#2843,#2840,#3147,.T.);
#2522=EDGE_CURVE('0:2978',#2833,#2837,#3148,.T.);
#2523=EDGE_CURVE('0:2975',#2835,#2832,#3149,.T.);
#2524=EDGE_CURVE('0:2984',#2825,#2829,#3150,.T.);
#2525=EDGE_CURVE('0:2981',#2827,#2824,#3151,.T.);
#2526=EDGE_CURVE('0:2990',#2817,#2821,#3152,.T.);
#2527=EDGE_CURVE('0:2987',#2819,#2816,#3153,.T.);
#2528=EDGE_CURVE('0:2996',#2813,#2809,#3154,.T.);
#2529=EDGE_CURVE('0:2993',#2811,#2808,#3155,.T.);
#2530=EDGE_CURVE('0:3002',#2805,#2801,#3156,.T.);
#2531=EDGE_CURVE('0:2999',#2803,#2800,#3157,.T.);
#2532=EDGE_CURVE('0:3008',#2797,#2793,#3158,.T.);
#2533=EDGE_CURVE('0:3005',#2795,#2792,#3159,.T.);
#2534=EDGE_CURVE('0:3014',#2789,#2785,#3160,.T.);
#2535=EDGE_CURVE('0:3011',#2787,#2784,#3161,.T.);
#2536=EDGE_CURVE('0:3023',#2777,#3162,#3163,.T.);
#2537=EDGE_CURVE('0:3026',#3164,#3162,#3165,.T.);
#2538=EDGE_CURVE('0:3017',#2776,#3164,#3166,.T.);
#2539=EDGE_CURVE('0:3035',#3167,#2769,#3168,.T.);
#2540=EDGE_CURVE('0:3038',#3167,#3169,#3170,.T.);
#2541=EDGE_CURVE('0:3029',#3169,#2768,#3171,.T.);
#2542=EDGE_CURVE('0:3047',#2761,#3172,#3173,.T.);
#2543=EDGE_CURVE('0:3050',#3174,#3172,#3175,.T.);
#2544=EDGE_CURVE('0:3041',#2760,#3174,#3176,.T.);
#2545=EDGE_CURVE('0:3059',#3177,#2753,#3178,.T.);
#2546=EDGE_CURVE('0:3062',#3177,#3179,#3180,.T.);
#2547=EDGE_CURVE('0:3053',#3179,#2752,#3181,.T.);
#2548=EDGE_CURVE('0:3071',#2745,#3182,#3183,.T.);
#2549=EDGE_CURVE('0:3074',#3182,#3184,#3185,.T.);
#2550=EDGE_CURVE('0:3065',#2744,#3184,#3186,.T.);
#2551=EDGE_CURVE('0:3083',#2737,#3187,#3188,.T.);
#2552=EDGE_CURVE('0:3086',#3187,#3189,#3190,.T.);
#2553=EDGE_CURVE('0:3077',#2736,#3189,#3191,.T.);
#2554=EDGE_CURVE('0:3092',#2729,#2733,#3192,.F.);
#2555=EDGE_CURVE('0:3089',#2731,#2728,#3193,.T.);
#2556=EDGE_CURVE('0:3095',#3194,#3195,#3196,.T.);
#2557=EDGE_CURVE('0:3098',#3195,#3197,#3198,.T.);
#2558=EDGE_CURVE('0:3101',#3197,#3199,#3200,.T.);
#2559=EDGE_CURVE('0:3104',#3199,#3194,#3201,.T.);
#2560=EDGE_CURVE('0:3107',#3202,#3203,#3204,.T.);
#2561=EDGE_CURVE('0:3110',#3203,#3205,#3206,.T.);
#2562=EDGE_CURVE('0:3113',#3205,#3207,#3208,.T.);
#2563=EDGE_CURVE('0:3116',#3207,#3202,#3209,.T.);
#2564=EDGE_CURVE('0:3119',#3210,#3211,#3212,.T.);
#2565=EDGE_CURVE('0:3122',#3210,#3213,#3214,.T.);
#2566=EDGE_CURVE('0:3125',#3215,#3213,#3216,.T.);
#2567=EDGE_CURVE('0:3128',#3211,#3215,#3217,.T.);
#2568=EDGE_CURVE('0:3131',#3218,#3219,#3220,.T.);
#2569=EDGE_CURVE('0:3134',#3218,#3221,#3222,.T.);
#2570=EDGE_CURVE('0:3137',#3223,#3221,#3224,.T.);
#2571=EDGE_CURVE('0:3140',#3219,#3223,#3225,.T.);
#2572=EDGE_CURVE('0:3143',#3226,#3227,#3228,.T.);
#2573=EDGE_CURVE('0:3146',#3226,#3229,#3230,.T.);
#2574=EDGE_CURVE('0:3149',#3229,#3231,#3232,.T.);
#2575=EDGE_CURVE('0:3152',#3231,#3227,#3233,.T.);
#2576=EDGE_CURVE('0:3155',#3234,#3235,#3236,.T.);
#2577=EDGE_CURVE('0:3158',#3234,#3237,#3238,.T.);
#2578=EDGE_CURVE('0:3161',#3237,#3239,#3240,.T.);
#2579=EDGE_CURVE('0:3164',#3239,#3235,#3241,.T.);
#2580=EDGE_CURVE('0:3167',#3242,#3243,#3244,.T.);
#2581=EDGE_CURVE('0:3170',#3243,#3245,#3246,.T.);
#2582=EDGE_CURVE('0:3173',#3245,#3247,#3248,.T.);
#2583=EDGE_CURVE('0:3176',#3247,#3242,#3249,.T.);
#2584=EDGE_CURVE('0:3179',#3250,#3251,#3252,.T.);
#2585=EDGE_CURVE('0:3182',#3251,#3253,#3254,.T.);
#2586=EDGE_CURVE('0:3185',#3253,#3255,#3256,.T.);
#2587=EDGE_CURVE('0:3188',#3255,#3250,#3257,.T.);
#2588=EDGE_CURVE('0:3191',#3258,#3259,#3260,.T.);
#2589=EDGE_CURVE('0:3194',#3259,#3261,#3262,.T.);
#2590=EDGE_CURVE('0:3197',#3261,#3263,#3264,.T.);
#2591=EDGE_CURVE('0:3200',#3265,#3263,#3266,.T.);
#2592=EDGE_CURVE('0:3203',#3267,#3265,#3268,.T.);
#2593=EDGE_CURVE('0:3206',#3267,#3258,#3269,.T.);
#2594=EDGE_CURVE('0:3209',#3270,#3271,#3272,.T.);
#2595=EDGE_CURVE('0:3212',#3270,#3273,#3274,.T.);
#2596=EDGE_CURVE('0:3215',#3273,#3275,#3276,.T.);
#2597=EDGE_CURVE('0:3218',#3275,#3277,#3278,.T.);
#2598=EDGE_CURVE('0:3221',#3279,#3277,#3280,.T.);
#2599=EDGE_CURVE('0:3224',#3271,#3279,#3281,.T.);
#2600=EDGE_CURVE('0:3227',#3282,#3275,#3283,.T.);
#2601=EDGE_CURVE('0:3230',#3282,#3284,#3285,.T.);
#2602=EDGE_CURVE('0:3233',#3284,#3277,#3286,.T.);
#2603=EDGE_CURVE('0:3236',#3287,#3271,#3288,.T.);
#2604=EDGE_CURVE('0:3239',#3289,#3279,#3290,.T.);
#2605=EDGE_CURVE('0:3242',#3287,#3289,#3291,.T.);
#2606=EDGE_CURVE('0:3245',#3235,#3292,#3293,.T.);
#2607=EDGE_CURVE('0:3248',#3294,#3239,#3295,.T.);
#2608=EDGE_CURVE('0:3251',#3296,#3294,#3297,.T.);
#2609=EDGE_CURVE('0:3254',#3296,#3298,#3299,.T.);
#2610=EDGE_CURVE('0:3257',#3298,#3300,#3301,.T.);
#2611=EDGE_CURVE('0:3260',#3300,#3302,#3303,.T.);
#2612=EDGE_CURVE('0:3263',#3302,#3304,#3305,.T.);
#2613=EDGE_CURVE('0:3266',#3304,#3223,#3306,.T.);
#2614=EDGE_CURVE('0:3269',#3221,#3307,#3308,.T.);
#2615=EDGE_CURVE('0:3272',#3307,#3292,#3309,.T.);
#2616=EDGE_CURVE('0:3275',#3310,#3311,#3312,.T.);
#2617=EDGE_CURVE('0:3278',#3310,#3226,#3313,.T.);
#2618=EDGE_CURVE('0:3281',#3227,#3314,#3315,.T.);
#2619=EDGE_CURVE('0:3284',#3316,#3314,#3317,.T.);
#2620=EDGE_CURVE('0:3287',#3316,#3234,#3318,.T.);
#2621=EDGE_CURVE('0:3290',#3319,#3292,#3320,.T.);
#2622=EDGE_CURVE('0:3293',#3321,#3319,#3322,.T.);
#2623=EDGE_CURVE('0:3296',#3321,#3323,#3324,.T.);
#2624=EDGE_CURVE('0:3299',#3323,#3311,#3325,.T.);
#2625=EDGE_CURVE('0:3302',#3326,#3327,#3328,.T.);
#2626=EDGE_CURVE('0:3305',#3284,#3326,#3329,.T.);
#2627=EDGE_CURVE('0:3308',#3330,#3282,#3331,.T.);
#2628=EDGE_CURVE('0:3311',#3332,#3330,#3333,.T.);
#2629=EDGE_CURVE('0:3314',#3332,#3287,#3334,.T.);
#2630=EDGE_CURVE('0:3317',#3289,#3335,#3336,.T.);
#2631=EDGE_CURVE('0:3320',#3335,#3321,#3337,.T.);
#2632=EDGE_CURVE('0:3323',#3338,#3319,#3339,.T.);
#2633=EDGE_CURVE('0:3326',#3327,#3338,#3340,.T.);
#2634=EDGE_CURVE('0:3329',#3338,#3307,#3341,.T.);
#2635=EDGE_CURVE('0:3332',#3210,#3342,#3343,.T.);
#2636=EDGE_CURVE('0:3335',#3344,#3342,#3345,.T.);
#2637=EDGE_CURVE('0:3338',#3344,#3346,#3347,.T.);
#2638=EDGE_CURVE('0:3341',#3327,#3346,#3348,.T.);
#2639=EDGE_CURVE('0:3344',#3218,#3349,#3350,.T.);
#2640=EDGE_CURVE('0:3347',#3349,#3351,#3352,.T.);
#2641=EDGE_CURVE('0:3350',#3351,#3213,#3353,.T.);
#2642=EDGE_CURVE('0:3353',#3354,#3346,#3355,.T.);
#2643=EDGE_CURVE('0:3356',#3326,#3354,#3356,.T.);
#2644=EDGE_CURVE('0:3359',#3197,#3211,#3357,.T.);
#2645=EDGE_CURVE('0:3362',#3215,#3358,#3359,.T.);
#2646=EDGE_CURVE('0:3365',#3360,#3358,#3361,.T.);
#2647=EDGE_CURVE('0:3368',#3360,#3011,#3362,.T.);
#2648=EDGE_CURVE('0:3371',#3091,#3203,#3363,.T.);
#2649=EDGE_CURVE('0:3374',#3202,#3219,#3364,.T.);
#2650=EDGE_CURVE('0:3377',#3267,#3304,#3365,.T.);
#2651=EDGE_CURVE('0:3380',#3267,#3366,#3367,.T.);
#2652=EDGE_CURVE('0:3383',#3368,#3366,#3369,.T.);
#2653=EDGE_CURVE('0:3386',#3368,#3187,#3370,.T.);
#2654=EDGE_CURVE('0:3389',#2741,#3247,#3371,.T.);
#2655=EDGE_CURVE('0:3392',#3245,#3182,#3372,.T.);
#2656=EDGE_CURVE('0:3395',#2749,#3251,#3373,.T.);
#2657=EDGE_CURVE('0:3398',#3250,#3277,#3374,.T.);
#2658=EDGE_CURVE('0:3401',#3354,#3375,#3376,.T.);
#2659=EDGE_CURVE('0:3404',#3377,#3375,#3378,.T.);
#2660=EDGE_CURVE('0:3407',#3377,#3019,#3379,.T.);
#2661=EDGE_CURVE('0:3410',#3086,#3199,#3380,.T.);
#2662=EDGE_CURVE('0:3413',#3126,#3133,#3381,.T.);
#2663=EDGE_CURVE('0:3416',#2867,#2877,#3382,.T.);
#2664=EDGE_CURVE('0:3419',#2755,#2765,#3383,.T.);
#2665=EDGE_CURVE('0:3422',#3172,#3179,#3384,.T.);
#2666=EDGE_CURVE('0:3425',#3136,#3143,#3385,.T.);
#2667=EDGE_CURVE('0:3428',#2851,#2861,#3386,.T.);
#2668=EDGE_CURVE('0:3431',#2771,#2781,#3387,.T.);
#2669=EDGE_CURVE('0:3434',#3162,#3169,#3388,.T.);
#2670=EDGE_CURVE('0:3437',#3258,#3302,#3389,.T.);
#2671=EDGE_CURVE('0:3440',#3273,#3390,#3391,.T.);
#2672=EDGE_CURVE('0:3443',#3390,#3392,#3393,.T.);
#2673=EDGE_CURVE('0:3446',#3392,#3259,#3394,.T.);
#2674=EDGE_CURVE('0:3449',#3330,#3300,#3395,.T.);
#2675=EDGE_CURVE('0:3452',#3332,#3298,#3396,.T.);
#2676=EDGE_CURVE('0:3455',#3397,#3398,#3399,.T.);
#2677=EDGE_CURVE('0:3458',#3397,#3270,#3400,.T.);
#2678=EDGE_CURVE('0:3461',#3263,#3296,#3401,.T.);
#2679=EDGE_CURVE('0:3464',#3261,#3398,#3402,.T.);
#2680=EDGE_CURVE('0:3467',#3265,#3294,#3403,.T.);
#2681=EDGE_CURVE('0:3470',#3229,#3195,#3404,.T.);
#2682=EDGE_CURVE('0:3473',#3194,#3084,#3405,.T.);
#2683=EDGE_CURVE('0:3476',#3021,#3406,#3407,.T.);
#2684=EDGE_CURVE('0:3479',#3408,#3406,#3409,.T.);
#2685=EDGE_CURVE('0:3482',#3408,#3410,#3411,.T.);
#2686=EDGE_CURVE('0:3485',#3335,#3410,#3412,.T.);
#2687=EDGE_CURVE('0:3488',#3279,#3255,#3413,.T.);
#2688=EDGE_CURVE('0:3491',#3253,#2747,#3414,.T.);
#2689=EDGE_CURVE('0:3494',#3184,#3243,#3415,.T.);
#2690=EDGE_CURVE('0:3497',#3242,#2739,#3416,.T.);
#2691=EDGE_CURVE('0:3500',#3189,#3417,#3418,.T.);
#2692=EDGE_CURVE('0:3503',#3419,#3417,#3420,.T.);
#2693=EDGE_CURVE('0:3506',#3419,#3265,#3421,.T.);
#2694=EDGE_CURVE('0:3509',#3237,#3207,#3422,.T.);
#2695=EDGE_CURVE('0:3512',#3205,#3089,#3423,.T.);
#2696=EDGE_CURVE('0:3515',#3013,#3424,#3425,.T.);
#2697=EDGE_CURVE('0:3518',#3426,#3424,#3427,.T.);
#2698=EDGE_CURVE('0:3521',#3426,#3231,#3428,.T.);
#2699=EDGE_CURVE('0:3524',#3128,#3131,#3429,.T.);
#2700=EDGE_CURVE('0:3527',#2869,#2875,#3430,.T.);
#2701=EDGE_CURVE('0:3530',#2757,#2763,#3431,.T.);
#2702=EDGE_CURVE('0:3533',#3174,#3177,#3432,.T.);
#2703=EDGE_CURVE('0:3536',#3138,#3141,#3433,.T.);
#2704=EDGE_CURVE('0:3539',#2853,#2859,#3434,.T.);
#2705=EDGE_CURVE('0:3542',#2773,#2779,#3435,.T.);
#2706=EDGE_CURVE('0:3545',#3164,#3167,#3436,.T.);
#2707=EDGE_CURVE('0:3548',#3410,#3323,#3437,.T.);
#2708=EDGE_CURVE('0:3551',#3366,#3419,#3438,.T.);
#2709=EDGE_CURVE('0:3554',#3417,#3368,#3439,.T.);
#2710=EDGE_CURVE('0:3557',#3398,#3392,#3440,.T.);
#2711=EDGE_CURVE('0:3560',#3390,#3397,#3441,.T.);
#2712=EDGE_CURVE('0:3563',#3237,#3219,#3442,.T.);
#2713=EDGE_CURVE('0:3566',#3218,#3234,#3443,.T.);
#2714=EDGE_CURVE('0:3569',#3215,#3231,#3444,.T.);
#2715=EDGE_CURVE('0:3572',#3227,#3213,#3445,.T.);
#2716=EDGE_CURVE('0:3575',#3424,#3360,#3446,.T.);
#2717=EDGE_CURVE('0:3578',#3358,#3426,#3447,.T.);
#2718=EDGE_CURVE('0:3581',#3314,#3351,#3448,.T.);
#2719=EDGE_CURVE('0:3584',#3349,#3316,#3449,.T.);
#2720=EDGE_CURVE('0:3587',#3229,#3211,#3450,.T.);
#2721=EDGE_CURVE('0:3590',#3210,#3226,#3451,.T.);
#2722=EDGE_CURVE('0:3593',#3354,#3410,#3452,.T.);
#2723=EDGE_CURVE('0:3596',#3323,#3346,#3453,.T.);
#2724=EDGE_CURVE('0:3599',#3375,#3408,#3454,.T.);
#2725=EDGE_CURVE('0:3602',#3406,#3377,#3455,.T.);
#2726=EDGE_CURVE('0:3605',#3311,#3344,#3456,.T.);
#2727=EDGE_CURVE('0:3608',#3342,#3310,#3457,.T.);
#2728=VERTEX_POINT('',#3458);
#2729=VERTEX_POINT('',#3459);
#2730=LINE('',#3460,#3461);
#2731=VERTEX_POINT('',#3462);
#2732=CIRCLE('',#3463,0.001);
#2733=VERTEX_POINT('',#3464);
#2734=LINE('',#3465,#3466);
#2735=CIRCLE('',#3467,0.001);
#2736=VERTEX_POINT('',#3468);
#2737=VERTEX_POINT('',#3469);
#2738=LINE('',#3470,#3471);
#2739=VERTEX_POINT('NONE',#3472);
#2740=CIRCLE('',#3473,0.0149999999999982);
#2741=VERTEX_POINT('NONE',#3474);
#2742=LINE('',#3475,#3476);
#2743=CIRCLE('',#3477,0.0149999999999982);
#2744=VERTEX_POINT('',#3478);
#2745=VERTEX_POINT('',#3479);
#2746=LINE('',#3480,#3481);
#2747=VERTEX_POINT('NONE',#3482);
#2748=CIRCLE('',#3483,0.015);
#2749=VERTEX_POINT('NONE',#3484);
#2750=LINE('',#3485,#3486);
#2751=CIRCLE('',#3487,0.015);
#2752=VERTEX_POINT('',#3488);
#2753=VERTEX_POINT('',#3489);
#2754=LINE('',#3490,#3491);
#2755=VERTEX_POINT('NONE',#3492);
#2756=CIRCLE('',#3493,0.0282499999999939);
#2757=VERTEX_POINT('NONE',#3494);
#2758=LINE('',#3495,#3496);
#2759=CIRCLE('',#3497,0.0282499999999939);
#2760=VERTEX_POINT('',#3498);
#2761=VERTEX_POINT('',#3499);
#2762=LINE('',#3500,#3501);
#2763=VERTEX_POINT('NONE',#3502);
#2764=CIRCLE('',#3503,0.03025);
#2765=VERTEX_POINT('NONE',#3504);
#2766=LINE('',#3505,#3506);
#2767=CIRCLE('',#3507,0.03025);
#2768=VERTEX_POINT('',#3508);
#2769=VERTEX_POINT('',#3509);
#2770=LINE('',#3510,#3511);
#2771=VERTEX_POINT('NONE',#3512);
#2772=CIRCLE('',#3513,0.02825);
#2773=VERTEX_POINT('NONE',#3514);
#2774=LINE('',#3515,#3516);
#2775=CIRCLE('',#3517,0.02825);
#2776=VERTEX_POINT('',#3518);
#2777=VERTEX_POINT('',#3519);
#2778=LINE('',#3520,#3521);
#2779=VERTEX_POINT('NONE',#3522);
#2780=CIRCLE('',#3523,0.03025);
#2781=VERTEX_POINT('NONE',#3524);
#2782=LINE('',#3525,#3526);
#2783=CIRCLE('',#3527,0.03025);
#2784=VERTEX_POINT('',#3528);
#2785=VERTEX_POINT('',#3529);
#2786=LINE('',#3530,#3531);
#2787=VERTEX_POINT('',#3532);
#2788=CIRCLE('',#3533,0.0041);
#2789=VERTEX_POINT('',#3534);
#2790=LINE('',#3535,#3536);
#2791=CIRCLE('',#3537,0.0041);
#2792=VERTEX_POINT('',#3538);
#2793=VERTEX_POINT('',#3539);
#2794=LINE('',#3540,#3541);
#2795=VERTEX_POINT('',#3542);
#2796=CIRCLE('',#3543,0.0041);
#2797=VERTEX_POINT('',#3544);
#2798=LINE('',#3545,#3546);
#2799=CIRCLE('',#3547,0.0041);
#2800=VERTEX_POINT('',#3548);
#2801=VERTEX_POINT('',#3549);
#2802=LINE('',#3550,#3551);
#2803=VERTEX_POINT('',#3552);
#2804=CIRCLE('',#3553,0.0041);
#2805=VERTEX_POINT('',#3554);
#2806=LINE('',#3555,#3556);
#2807=CIRCLE('',#3557,0.0041);
#2808=VERTEX_POINT('',#3558);
#2809=VERTEX_POINT('',#3559);
#2810=LINE('',#3560,#3561);
#2811=VERTEX_POINT('',#3562);
#2812=CIRCLE('',#3563,0.0055);
#2813=VERTEX_POINT('',#3564);
#2814=LINE('',#3565,#3566);
#2815=CIRCLE('',#3567,0.0055);
#2816=VERTEX_POINT('',#3568);
#2817=VERTEX_POINT('',#3569);
#2818=LINE('',#3570,#3571);
#2819=VERTEX_POINT('',#3572);
#2820=CIRCLE('',#3573,0.00425000000000009);
#2821=VERTEX_POINT('NONE',#3574);
#2822=LINE('',#3575,#3576);
#2823=CIRCLE('',#3577,0.00425000000000009);
#2824=VERTEX_POINT('',#3578);
#2825=VERTEX_POINT('',#3579);
#2826=LINE('',#3580,#3581);
#2827=VERTEX_POINT('',#3582);
#2828=CIRCLE('',#3583,0.00424999999999998);
#2829=VERTEX_POINT('NONE',#3584);
#2830=LINE('',#3585,#3586);
#2831=CIRCLE('',#3587,0.00424999999999998);
#2832=VERTEX_POINT('',#3588);
#2833=VERTEX_POINT('',#3589);
#2834=LINE('',#3590,#3591);
#2835=VERTEX_POINT('',#3592);
#2836=CIRCLE('',#3593,0.00425000000000009);
#2837=VERTEX_POINT('NONE',#3594);
#2838=LINE('',#3595,#3596);
#2839=CIRCLE('',#3597,0.00425000000000009);
#2840=VERTEX_POINT('',#3598);
#2841=VERTEX_POINT('',#3599);
#2842=LINE('',#3600,#3601);
#2843=VERTEX_POINT('',#3602);
#2844=CIRCLE('',#3603,0.00424999999999999);
#2845=VERTEX_POINT('',#3604);
#2846=LINE('',#3605,#3606);
#2847=CIRCLE('',#3607,0.00424999999999999);
#2848=VERTEX_POINT('',#3608);
#2849=VERTEX_POINT('',#3609);
#2850=LINE('',#3610,#3611);
#2851=VERTEX_POINT('NONE',#3612);
#2852=CIRCLE('',#3613,0.03025);
#2853=VERTEX_POINT('NONE',#3614);
#2854=LINE('',#3615,#3616);
#2855=CIRCLE('',#3617,0.03025);
#2856=VERTEX_POINT('',#3618);
#2857=VERTEX_POINT('',#3619);
#2858=LINE('',#3620,#3621);
#2859=VERTEX_POINT('NONE',#3622);
#2860=CIRCLE('',#3623,0.0282500000000061);
#2861=VERTEX_POINT('NONE',#3624);
#2862=LINE('',#3625,#3626);
#2863=CIRCLE('',#3627,0.0282500000000061);
#2864=VERTEX_POINT('',#3628);
#2865=VERTEX_POINT('',#3629);
#2866=LINE('',#3630,#3631);
#2867=VERTEX_POINT('NONE',#3632);
#2868=CIRCLE('',#3633,0.03025);
#2869=VERTEX_POINT('NONE',#3634);
#2870=LINE('',#3635,#3636);
#2871=CIRCLE('',#3637,0.03025);
#2872=VERTEX_POINT('',#3638);
#2873=VERTEX_POINT('',#3639);
#2874=LINE('',#3640,#3641);
#2875=VERTEX_POINT('NONE',#3642);
#2876=CIRCLE('',#3643,0.02825);
#2877=VERTEX_POINT('NONE',#3644);
#2878=LINE('',#3645,#3646);
#2879=CIRCLE('',#3647,0.02825);
#2880=VERTEX_POINT('',#3648);
#2881=VERTEX_POINT('',#3649);
#2882=LINE('',#3650,#3651);
#2883=VERTEX_POINT('',#3652);
#2884=CIRCLE('',#3653,0.00424999999999994);
#2885=VERTEX_POINT('',#3654);
#2886=LINE('',#3655,#3656);
#2887=CIRCLE('',#3657,0.00424999999999994);
#2888=VERTEX_POINT('',#3658);
#2889=VERTEX_POINT('',#3659);
#2890=LINE('',#3660,#3661);
#2891=VERTEX_POINT('',#3662);
#2892=CIRCLE('',#3663,0.00424999999999994);
#2893=VERTEX_POINT('',#3664);
#2894=LINE('',#3665,#3666);
#2895=CIRCLE('',#3667,0.00424999999999994);
#2896=VERTEX_POINT('',#3668);
#2897=VERTEX_POINT('',#3669);
#2898=LINE('',#3670,#3671);
#2899=VERTEX_POINT('',#3672);
#2900=CIRCLE('',#3673,0.00509999999999982);
#2901=VERTEX_POINT('',#3674);
#2902=LINE('',#3675,#3676);
#2903=CIRCLE('',#3677,0.00509999999999982);
#2904=VERTEX_POINT('',#3678);
#2905=VERTEX_POINT('',#3679);
#2906=LINE('',#3680,#3681);
#2907=VERTEX_POINT('',#3682);
#2908=CIRCLE('',#3683,0.00509999999999983);
#2909=VERTEX_POINT('',#3684);
#2910=LINE('',#3685,#3686);
#2911=CIRCLE('',#3687,0.00509999999999983);
#2912=VERTEX_POINT('',#3688);
#2913=VERTEX_POINT('',#3689);
#2914=LINE('',#3690,#3691);
#2915=VERTEX_POINT('',#3692);
#2916=CIRCLE('',#3693,0.00249999999999999);
#2917=VERTEX_POINT('NONE',#3694);
#2918=LINE('',#3695,#3696);
#2919=CIRCLE('',#3697,0.00249999999999999);
#2920=VERTEX_POINT('',#3698);
#2921=VERTEX_POINT('',#3699);
#2922=LINE('',#3700,#3701);
#2923=VERTEX_POINT('',#3702);
#2924=CIRCLE('',#3703,0.00249999999999999);
#2925=VERTEX_POINT('',#3704);
#2926=LINE('',#3705,#3706);
#2927=CIRCLE('',#3707,0.00249999999999999);
#2928=VERTEX_POINT('',#3708);
#2929=VERTEX_POINT('',#3709);
#2930=LINE('',#3710,#3711);
#2931=VERTEX_POINT('',#3712);
#2932=CIRCLE('',#3713,0.00249999999999995);
#2933=VERTEX_POINT('NONE',#3714);
#2934=LINE('',#3715,#3716);
#2935=CIRCLE('',#3717,0.00249999999999995);
#2936=VERTEX_POINT('',#3718);
#2937=VERTEX_POINT('',#3719);
#2938=LINE('',#3720,#3721);
#2939=VERTEX_POINT('',#3722);
#2940=CIRCLE('',#3723,0.00249999999999995);
#2941=VERTEX_POINT('',#3724);
#2942=LINE('',#3725,#3726);
#2943=CIRCLE('',#3727,0.00249999999999995);
#2944=VERTEX_POINT('',#3728);
#2945=VERTEX_POINT('',#3729);
#2946=LINE('',#3730,#3731);
#2947=VERTEX_POINT('',#3732);
#2948=CIRCLE('',#3733,0.00249999999999995);
#2949=VERTEX_POINT('NONE',#3734);
#2950=LINE('',#3735,#3736);
#2951=CIRCLE('',#3737,0.00249999999999995);
#2952=VERTEX_POINT('',#3738);
#2953=VERTEX_POINT('',#3739);
#2954=LINE('',#3740,#3741);
#2955=VERTEX_POINT('',#3742);
#2956=CIRCLE('',#3743,0.00249999999999995);
#2957=VERTEX_POINT('',#3744);
#2958=LINE('',#3745,#3746);
#2959=CIRCLE('',#3747,0.00249999999999995);
#2960=VERTEX_POINT('',#3748);
#2961=VERTEX_POINT('',#3749);
#2962=LINE('',#3750,#3751);
#2963=VERTEX_POINT('',#3752);
#2964=CIRCLE('',#3753,0.00249999999999995);
#2965=VERTEX_POINT('',#3754);
#2966=LINE('',#3755,#3756);
#2967=CIRCLE('',#3757,0.00249999999999995);
#2968=VERTEX_POINT('',#3758);
#2969=VERTEX_POINT('',#3759);
#2970=LINE('',#3760,#3761);
#2971=VERTEX_POINT('',#3762);
#2972=CIRCLE('',#3763,0.00249999999999995);
#2973=VERTEX_POINT('NONE',#3764);
#2974=LINE('',#3765,#3766);
#2975=CIRCLE('',#3767,0.00249999999999995);
#2976=VERTEX_POINT('',#3768);
#2977=VERTEX_POINT('',#3769);
#2978=LINE('',#3770,#3771);
#2979=VERTEX_POINT('',#3772);
#2980=CIRCLE('',#3773,0.00249999999999995);
#2981=VERTEX_POINT('NONE',#3774);
#2982=LINE('',#3775,#3776);
#2983=CIRCLE('',#3777,0.00249999999999995);
#2984=VERTEX_POINT('',#3778);
#2985=VERTEX_POINT('',#3779);
#2986=LINE('',#3780,#3781);
#2987=VERTEX_POINT('',#3782);
#2988=CIRCLE('',#3783,0.00249999999999995);
#2989=VERTEX_POINT('',#3784);
#2990=LINE('',#3785,#3786);
#2991=CIRCLE('',#3787,0.00249999999999995);
#2992=VERTEX_POINT('',#3788);
#2993=VERTEX_POINT('',#3789);
#2994=LINE('',#3790,#3791);
#2995=VERTEX_POINT('',#3792);
#2996=CIRCLE('',#3793,0.00425000000000017);
#2997=VERTEX_POINT('',#3794);
#2998=LINE('',#3795,#3796);
#2999=CIRCLE('',#3797,0.00425000000000017);
#3000=VERTEX_POINT('',#3798);
#3001=VERTEX_POINT('',#3799);
#3002=LINE('',#3800,#3801);
#3003=VERTEX_POINT('',#3802);
#3004=CIRCLE('',#3803,0.00425000000000009);
#3005=VERTEX_POINT('',#3804);
#3006=LINE('',#3805,#3806);
#3007=CIRCLE('',#3807,0.00425000000000009);
#3008=VERTEX_POINT('',#3808);
#3009=VERTEX_POINT('',#3809);
#3010=LINE('',#3810,#3811);
#3011=VERTEX_POINT('NONE',#3812);
#3012=CIRCLE('',#3813,0.00799999999999992);
#3013=VERTEX_POINT('NONE',#3814);
#3014=LINE('',#3815,#3816);
#3015=CIRCLE('',#3817,0.00799999999999992);
#3016=VERTEX_POINT('',#3818);
#3017=VERTEX_POINT('',#3819);
#3018=LINE('',#3820,#3821);
#3019=VERTEX_POINT('NONE',#3822);
#3020=CIRCLE('',#3823,0.00800000000000008);
#3021=VERTEX_POINT('NONE',#3824);
#3022=LINE('',#3825,#3826);
#3023=CIRCLE('',#3827,0.00800000000000008);
#3024=VERTEX_POINT('',#3828);
#3025=VERTEX_POINT('',#3829);
#3026=LINE('',#3830,#3831);
#3027=VERTEX_POINT('',#3832);
#3028=CIRCLE('',#3833,0.00510000000000003);
#3029=VERTEX_POINT('',#3834);
#3030=LINE('',#3835,#3836);
#3031=CIRCLE('',#3837,0.00510000000000003);
#3032=VERTEX_POINT('',#3838);
#3033=VERTEX_POINT('',#3839);
#3034=LINE('',#3840,#3841);
#3035=VERTEX_POINT('',#3842);
#3036=CIRCLE('',#3843,0.00425000000000002);
#3037=VERTEX_POINT('',#3844);
#3038=LINE('',#3845,#3846);
#3039=CIRCLE('',#3847,0.00425000000000002);
#3040=VERTEX_POINT('',#3848);
#3041=VERTEX_POINT('',#3849);
#3042=LINE('',#3850,#3851);
#3043=VERTEX_POINT('',#3852);
#3044=CIRCLE('',#3853,0.00425000000000002);
#3045=VERTEX_POINT('',#3854);
#3046=LINE('',#3855,#3856);
#3047=CIRCLE('',#3857,0.00425000000000002);
#3048=VERTEX_POINT('',#3858);
#3049=VERTEX_POINT('',#3859);
#3050=LINE('',#3860,#3861);
#3051=VERTEX_POINT('',#3862);
#3052=CIRCLE('',#3863,0.00325000000000005);
#3053=VERTEX_POINT('',#3864);
#3054=LINE('',#3865,#3866);
#3055=CIRCLE('',#3867,0.00325000000000002);
#3056=VERTEX_POINT('',#3868);
#3057=VERTEX_POINT('',#3869);
#3058=LINE('',#3870,#3871);
#3059=VERTEX_POINT('',#3872);
#3060=CIRCLE('',#3873,0.00325000000000002);
#3061=VERTEX_POINT('',#3874);
#3062=LINE('',#3875,#3876);
#3063=CIRCLE('',#3877,0.00325000000000002);
#3064=VERTEX_POINT('',#3878);
#3065=VERTEX_POINT('',#3879);
#3066=LINE('',#3880,#3881);
#3067=VERTEX_POINT('',#3882);
#3068=CIRCLE('',#3883,0.00362499999999999);
#3069=VERTEX_POINT('',#3884);
#3070=LINE('',#3885,#3886);
#3071=CIRCLE('',#3887,0.004);
#3072=CIRCLE('',#3888,0.004);
#3073=CIRCLE('',#3889,0.00362499999999999);
#3074=CIRCLE('',#3890,0.00325000000000002);
#3075=CIRCLE('',#3891,0.00325000000000002);
#3076=CIRCLE('',#3892,0.00325000000000002);
#3077=CIRCLE('',#3893,0.00325000000000005);
#3078=CIRCLE('',#3894,0.00425000000000002);
#3079=CIRCLE('',#3895,0.00425000000000002);
#3080=CIRCLE('',#3896,0.00425000000000002);
#3081=CIRCLE('',#3897,0.00425000000000002);
#3082=CIRCLE('',#3898,0.00510000000000003);
#3083=CIRCLE('',#3899,0.00510000000000003);
#3084=VERTEX_POINT('NONE',#3900);
#3085=CIRCLE('',#3901,0.00800000000000008);
#3086=VERTEX_POINT('NONE',#3902);
#3087=LINE('',#3903,#3904);
#3088=CIRCLE('',#3905,0.00800000000000008);
#3089=VERTEX_POINT('NONE',#3906);
#3090=CIRCLE('',#3907,0.00799999999999992);
#3091=VERTEX_POINT('NONE',#3908);
#3092=LINE('',#3909,#3910);
#3093=CIRCLE('',#3911,0.00799999999999992);
#3094=CIRCLE('',#3912,0.00425000000000009);
#3095=CIRCLE('',#3913,0.00425000000000009);
#3096=CIRCLE('',#3914,0.00425000000000017);
#3097=CIRCLE('',#3915,0.00425000000000017);
#3098=CIRCLE('',#3916,0.00249999999999995);
#3099=CIRCLE('',#3917,0.00249999999999995);
#3100=CIRCLE('',#3918,0.00249999999999995);
#3101=CIRCLE('',#3919,0.00249999999999995);
#3102=CIRCLE('',#3920,0.00249999999999995);
#3103=CIRCLE('',#3921,0.00249999999999995);
#3104=CIRCLE('',#3922,0.00249999999999995);
#3105=CIRCLE('',#3923,0.00249999999999995);
#3106=CIRCLE('',#3924,0.00249999999999995);
#3107=CIRCLE('',#3925,0.00249999999999995);
#3108=CIRCLE('',#3926,0.00249999999999995);
#3109=CIRCLE('',#3927,0.00249999999999995);
#3110=CIRCLE('',#3928,0.00249999999999995);
#3111=CIRCLE('',#3929,0.00249999999999995);
#3112=CIRCLE('',#3930,0.00249999999999995);
#3113=CIRCLE('',#3931,0.00249999999999995);
#3114=CIRCLE('',#3932,0.00249999999999999);
#3115=CIRCLE('',#3933,0.00249999999999999);
#3116=CIRCLE('',#3934,0.00249999999999999);
#3117=CIRCLE('',#3935,0.00249999999999999);
#3118=CIRCLE('',#3936,0.00509999999999983);
#3119=CIRCLE('',#3937,0.00509999999999983);
#3120=CIRCLE('',#3938,0.00509999999999982);
#3121=CIRCLE('',#3939,0.00509999999999982);
#3122=CIRCLE('',#3940,0.00424999999999994);
#3123=CIRCLE('',#3941,0.00424999999999994);
#3124=CIRCLE('',#3942,0.00424999999999994);
#3125=CIRCLE('',#3943,0.00424999999999994);
#3126=VERTEX_POINT('NONE',#3944);
#3127=CIRCLE('',#3945,0.02825);
#3128=VERTEX_POINT('NONE',#3946);
#3129=LINE('',#3947,#3948);
#3130=CIRCLE('',#3949,0.02825);
#3131=VERTEX_POINT('NONE',#3950);
#3132=CIRCLE('',#3951,0.03025);
#3133=VERTEX_POINT('NONE',#3952);
#3134=LINE('',#3953,#3954);
#3135=CIRCLE('',#3955,0.03025);
#3136=VERTEX_POINT('NONE',#3956);
#3137=CIRCLE('',#3957,0.0282500000000061);
#3138=VERTEX_POINT('NONE',#3958);
#3139=LINE('',#3959,#3960);
#3140=CIRCLE('',#3961,0.0282500000000061);
#3141=VERTEX_POINT('NONE',#3962);
#3142=CIRCLE('',#3963,0.03025);
#3143=VERTEX_POINT('NONE',#3964);
#3144=LINE('',#3965,#3966);
#3145=CIRCLE('',#3967,0.03025);
#3146=CIRCLE('',#3968,0.00424999999999999);
#3147=CIRCLE('',#3969,0.00424999999999999);
#3148=CIRCLE('',#3970,0.00425000000000009);
#3149=CIRCLE('',#3971,0.00425000000000009);
#3150=CIRCLE('',#3972,0.00424999999999998);
#3151=CIRCLE('',#3973,0.00424999999999998);
#3152=CIRCLE('',#3974,0.00425000000000009);
#3153=CIRCLE('',#3975,0.00425000000000009);
#3154=CIRCLE('',#3976,0.0055);
#3155=CIRCLE('',#3977,0.0055);
#3156=CIRCLE('',#3978,0.0041);
#3157=CIRCLE('',#3979,0.0041);
#3158=CIRCLE('',#3980,0.0041);
#3159=CIRCLE('',#3981,0.0041);
#3160=CIRCLE('',#3982,0.0041);
#3161=CIRCLE('',#3983,0.0041);
#3162=VERTEX_POINT('NONE',#3984);
#3163=CIRCLE('',#3985,0.03025);
#3164=VERTEX_POINT('NONE',#3986);
#3165=LINE('',#3987,#3988);
#3166=CIRCLE('',#3989,0.03025);
#3167=VERTEX_POINT('NONE',#3990);
#3168=CIRCLE('',#3991,0.02825);
#3169=VERTEX_POINT('NONE',#3992);
#3170=LINE('',#3993,#3994);
#3171=CIRCLE('',#3995,0.02825);
#3172=VERTEX_POINT('NONE',#3996);
#3173=CIRCLE('',#3997,0.03025);
#3174=VERTEX_POINT('NONE',#3998);
#3175=LINE('',#3999,#4000);
#3176=CIRCLE('',#4001,0.03025);
#3177=VERTEX_POINT('NONE',#4002);
#3178=CIRCLE('',#4003,0.0282499999999939);
#3179=VERTEX_POINT('NONE',#4004);
#3180=LINE('',#4005,#4006);
#3181=CIRCLE('',#4007,0.0282499999999939);
#3182=VERTEX_POINT('NONE',#4008);
#3183=CIRCLE('',#4009,0.015);
#3184=VERTEX_POINT('NONE',#4010);
#3185=LINE('',#4011,#4012);
#3186=CIRCLE('',#4013,0.015);
#3187=VERTEX_POINT('NONE',#4014);
#3188=CIRCLE('',#4015,0.0149999999999982);
#3189=VERTEX_POINT('NONE',#4016);
#3190=LINE('',#4017,#4018);
#3191=CIRCLE('',#4019,0.0149999999999982);
#3192=CIRCLE('',#4020,0.001);
#3193=CIRCLE('',#4021,0.001);
#3194=VERTEX_POINT('NONE',#4022);
#3195=VERTEX_POINT('NONE',#4023);
#3196=LINE('',#4024,#4025);
#3197=VERTEX_POINT('NONE',#4026);
#3198=LINE('',#4027,#4028);
#3199=VERTEX_POINT('NONE',#4029);
#3200=LINE('',#4030,#4031);
#3201=LINE('',#4032,#4033);
#3202=VERTEX_POINT('NONE',#4034);
#3203=VERTEX_POINT('NONE',#4035);
#3204=LINE('',#4036,#4037);
#3205=VERTEX_POINT('NONE',#4038);
#3206=LINE('',#4039,#4040);
#3207=VERTEX_POINT('NONE',#4041);
#3208=LINE('',#4042,#4043);
#3209=LINE('',#4044,#4045);
#3210=VERTEX_POINT('NONE',#4046);
#3211=VERTEX_POINT('NONE',#4047);
#3212=CIRCLE('',#4048,0.005);
#3213=VERTEX_POINT('NONE',#4049);
#3214=LINE('',#4050,#4051);
#3215=VERTEX_POINT('NONE',#4052);
#3216=CIRCLE('',#4053,0.005);
#3217=LINE('',#4054,#4055);
#3218=VERTEX_POINT('NONE',#4056);
#3219=VERTEX_POINT('NONE',#4057);
#3220=CIRCLE('',#4058,0.005);
#3221=VERTEX_POINT('NONE',#4059);
#3222=LINE('',#4060,#4061);
#3223=VERTEX_POINT('NONE',#4062);
#3224=CIRCLE('',#4063,0.005);
#3225=LINE('',#4064,#4065);
#3226=VERTEX_POINT('NONE',#4066);
#3227=VERTEX_POINT('NONE',#4067);
#3228=LINE('',#4068,#4069);
#3229=VERTEX_POINT('NONE',#4070);
#3230=CIRCLE('',#4071,0.01);
#3231=VERTEX_POINT('NONE',#4072);
#3232=LINE('',#4073,#4074);
#3233=CIRCLE('',#4075,0.01);
#3234=VERTEX_POINT('NONE',#4076);
#3235=VERTEX_POINT('NONE',#4077);
#3236=LINE('',#4078,#4079);
#3237=VERTEX_POINT('NONE',#4080);
#3238=CIRCLE('',#4081,0.01);
#3239=VERTEX_POINT('NONE',#4082);
#3240=LINE('',#4083,#4084);
#3241=CIRCLE('',#4085,0.01);
#3242=VERTEX_POINT('NONE',#4086);
#3243=VERTEX_POINT('NONE',#4087);
#3244=LINE('',#4088,#4089);
#3245=VERTEX_POINT('NONE',#4090);
#3246=LINE('',#4091,#4092);
#3247=VERTEX_POINT('NONE',#4093);
#3248=LINE('',#4094,#4095);
#3249=LINE('',#4096,#4097);
#3250=VERTEX_POINT('NONE',#4098);
#3251=VERTEX_POINT('NONE',#4099);
#3252=LINE('',#4100,#4101);
#3253=VERTEX_POINT('NONE',#4102);
#3254=LINE('',#4103,#4104);
#3255=VERTEX_POINT('NONE',#4105);
#3256=LINE('',#4106,#4107);
#3257=LINE('',#4108,#4109);
#3258=VERTEX_POINT('NONE',#4110);
#3259=VERTEX_POINT('NONE',#4111);
#3260=LINE('',#4112,#4113);
#3261=VERTEX_POINT('NONE',#4114);
#3262=LINE('',#4115,#4116);
#3263=VERTEX_POINT('NONE',#4117);
#3264=LINE('',#4118,#4119);
#3265=VERTEX_POINT('NONE',#4120);
#3266=CIRCLE('',#4121,0.01);
#3267=VERTEX_POINT('NONE',#4122);
#3268=LINE('',#4123,#4124);
#3269=CIRCLE('',#4125,0.005);
#3270=VERTEX_POINT('NONE',#4126);
#3271=VERTEX_POINT('NONE',#4127);
#3272=LINE('',#4128,#4129);
#3273=VERTEX_POINT('NONE',#4130);
#3274=LINE('',#4131,#4132);
#3275=VERTEX_POINT('NONE',#4133);
#3276=LINE('',#4134,#4135);
#3277=VERTEX_POINT('NONE',#4136);
#3278=CIRCLE('',#4137,0.005);
#3279=VERTEX_POINT('NONE',#4138);
#3280=LINE('',#4139,#4140);
#3281=CIRCLE('',#4141,0.01);
#3282=VERTEX_POINT('NONE',#4142);
#3283=LINE('',#4143,#4144);
#3284=VERTEX_POINT('NONE',#4145);
#3285=CIRCLE('',#4146,0.005);
#3286=LINE('',#4147,#4148);
#3287=VERTEX_POINT('NONE',#4149);
#3288=LINE('',#4150,#4151);
#3289=VERTEX_POINT('NONE',#4152);
#3290=LINE('',#4153,#4154);
#3291=CIRCLE('',#4155,0.01);
#3292=VERTEX_POINT('NONE',#4156);
#3293=LINE('',#4157,#4158);
#3294=VERTEX_POINT('NONE',#4159);
#3295=LINE('',#4160,#4161);
#3296=VERTEX_POINT('NONE',#4162);
#3297=CIRCLE('',#4163,0.01);
#3298=VERTEX_POINT('NONE',#4164);
#3299=LINE('',#4165,#4166);
#3300=VERTEX_POINT('NONE',#4167);
#3301=LINE('',#4168,#4169);
#3302=VERTEX_POINT('NONE',#4170);
#3303=LINE('',#4171,#4172);
#3304=VERTEX_POINT('NONE',#4173);
#3305=CIRCLE('',#4174,0.005);
#3306=LINE('',#4175,#4176);
#3307=VERTEX_POINT('NONE',#4177);
#3308=LINE('',#4178,#4179);
#3309=LINE('',#4180,#4181);
#3310=VERTEX_POINT('NONE',#4182);
#3311=VERTEX_POINT('NONE',#4183);
#3312=LINE('',#4184,#4185);
#3313=CIRCLE('',#4186,0.005);
#3314=VERTEX_POINT('NONE',#4187);
#3315=CIRCLE('',#4188,0.005);
#3316=VERTEX_POINT('NONE',#4189);
#3317=LINE('',#4190,#4191);
#3318=CIRCLE('',#4192,0.005);
#3319=VERTEX_POINT('NONE',#4193);
#3320=LINE('',#4194,#4195);
#3321=VERTEX_POINT('NONE',#4196);
#3322=LINE('',#4197,#4198);
#3323=VERTEX_POINT('NONE',#4199);
#3324=LINE('',#4200,#4201);
#3325=CIRCLE('',#4202,0.005);
#3326=VERTEX_POINT('NONE',#4203);
#3327=VERTEX_POINT('NONE',#4204);
#3328=CIRCLE('',#4205,0.005);
#3329=LINE('',#4206,#4207);
#3330=VERTEX_POINT('NONE',#4208);
#3331=LINE('',#4209,#4210);
#3332=VERTEX_POINT('NONE',#4211);
#3333=LINE('',#4212,#4213);
#3334=LINE('',#4214,#4215);
#3335=VERTEX_POINT('NONE',#4216);
#3336=LINE('',#4217,#4218);
#3337=CIRCLE('',#4219,0.01);
#3338=VERTEX_POINT('NONE',#4220);
#3339=LINE('',#4221,#4222);
#3340=LINE('',#4223,#4224);
#3341=LINE('',#4225,#4226);
#3342=VERTEX_POINT('NONE',#4227);
#3343=CIRCLE('',#4228,0.005);
#3344=VERTEX_POINT('NONE',#4229);
#3345=LINE('',#4230,#4231);
#3346=VERTEX_POINT('NONE',#4232);
#3347=CIRCLE('',#4233,0.005);
#3348=LINE('',#4234,#4235);
#3349=VERTEX_POINT('NONE',#4236);
#3350=CIRCLE('',#4237,0.005);
#3351=VERTEX_POINT('NONE',#4238);
#3352=LINE('',#4239,#4240);
#3353=CIRCLE('',#4241,0.005);
#3354=VERTEX_POINT('NONE',#4242);
#3355=CIRCLE('',#4243,0.005);
#3356=LINE('',#4244,#4245);
#3357=CIRCLE('',#4246,0.005);
#3358=VERTEX_POINT('NONE',#4247);
#3359=CIRCLE('',#4248,0.005);
#3360=VERTEX_POINT('NONE',#4249);
#3361=LINE('',#4250,#4251);
#3362=CIRCLE('',#4252,0.005);
#3363=CIRCLE('',#4253,0.005);
#3364=CIRCLE('',#4254,0.005);
#3365=LINE('',#4255,#4256);
#3366=VERTEX_POINT('NONE',#4257);
#3367=CIRCLE('',#4258,0.003);
#3368=VERTEX_POINT('NONE',#4259);
#3369=LINE('',#4260,#4261);
#3370=CIRCLE('',#4262,0.003);
#3371=CIRCLE('',#4263,0.003);
#3372=CIRCLE('',#4264,0.003);
#3373=CIRCLE('',#4265,0.003);
#3374=CIRCLE('',#4266,0.003);
#3375=VERTEX_POINT('NONE',#4267);
#3376=CIRCLE('',#4268,0.005);
#3377=VERTEX_POINT('NONE',#4269);
#3378=LINE('',#4270,#4271);
#3379=CIRCLE('',#4272,0.005);
#3380=CIRCLE('',#4273,0.005);
#3381=LINE('',#4274,#4275);
#3382=LINE('',#4276,#4277);
#3383=LINE('',#4278,#4279);
#3384=LINE('',#4280,#4281);
#3385=LINE('',#4282,#4283);
#3386=LINE('',#4284,#4285);
#3387=LINE('',#4286,#4287);
#3388=LINE('',#4288,#4289);
#3389=LINE('',#4290,#4291);
#3390=VERTEX_POINT('NONE',#4292);
#3391=CIRCLE('',#4293,0.003);
#3392=VERTEX_POINT('NONE',#4294);
#3393=LINE('',#4295,#4296);
#3394=CIRCLE('',#4297,0.003);
#3395=LINE('',#4298,#4299);
#3396=LINE('',#4300,#4301);
#3397=VERTEX_POINT('NONE',#4302);
#3398=VERTEX_POINT('NONE',#4303);
#3399=LINE('',#4304,#4305);
#3400=CIRCLE('',#4306,0.003);
#3401=LINE('',#4307,#4308);
#3402=CIRCLE('',#4309,0.003);
#3403=LINE('',#4310,#4311);
#3404=CIRCLE('',#4312,0.005);
#3405=CIRCLE('',#4313,0.005);
#3406=VERTEX_POINT('NONE',#4314);
#3407=CIRCLE('',#4315,0.005);
#3408=VERTEX_POINT('NONE',#4316);
#3409=LINE('',#4317,#4318);
#3410=VERTEX_POINT('NONE',#4319);
#3411=CIRCLE('',#4320,0.005);
#3412=LINE('',#4321,#4322);
#3413=CIRCLE('',#4323,0.003);
#3414=CIRCLE('',#4324,0.003);
#3415=CIRCLE('',#4325,0.003);
#3416=CIRCLE('',#4326,0.003);
#3417=VERTEX_POINT('NONE',#4327);
#3418=CIRCLE('',#4328,0.003);
#3419=VERTEX_POINT('NONE',#4329);
#3420=LINE('',#4330,#4331);
#3421=CIRCLE('',#4332,0.003);
#3422=CIRCLE('',#4333,0.005);
#3423=CIRCLE('',#4334,0.005);
#3424=VERTEX_POINT('NONE',#4335);
#3425=CIRCLE('',#4336,0.005);
#3426=VERTEX_POINT('NONE',#4337);
#3427=LINE('',#4338,#4339);
#3428=CIRCLE('',#4340,0.005);
#3429=LINE('',#4341,#4342);
#3430=LINE('',#4343,#4344);
#3431=LINE('',#4345,#4346);
#3432=LINE('',#4347,#4348);
#3433=LINE('',#4349,#4350);
#3434=LINE('',#4351,#4352);
#3435=LINE('',#4353,#4354);
#3436=LINE('',#4355,#4356);
#3437=CIRCLE('',#4357,0.01);
#3438=LINE('',#4358,#4359);
#3439=LINE('',#4360,#4361);
#3440=LINE('',#4362,#4363);
#3441=LINE('',#4364,#4365);
#3442=LINE('',#4366,#4367);
#3443=LINE('',#4368,#4369);
#3444=LINE('',#4370,#4371);
#3445=LINE('',#4372,#4373);
#3446=LINE('',#4374,#4375);
#3447=LINE('',#4376,#4377);
#3448=LINE('',#4378,#4379);
#3449=LINE('',#4380,#4381);
#3450=LINE('',#4382,#4383);
#3451=LINE('',#4384,#4385);
#3452=LINE('',#4386,#4387);
#3453=LINE('',#4388,#4389);
#3454=LINE('',#4390,#4391);
#3455=LINE('',#4392,#4393);
#3456=LINE('',#4394,#4395);
#3457=LINE('',#4396,#4397);
#3458=CARTESIAN_POINT('',(-0.05,1.718,0.036));
#3459=CARTESIAN_POINT('',(-0.045,1.718,0.036));
#3460=CARTESIAN_POINT('',(-0.05,1.718,0.036));
#3461=VECTOR('',#4398,1.0);
#3462=CARTESIAN_POINT('',(-0.05,1.718,0.034));
#3463=AXIS2_PLACEMENT_3D('',#4399,#4400,#4401);
#3464=CARTESIAN_POINT('',(-0.045,1.718,0.034));
#3465=CARTESIAN_POINT('',(-0.05,1.718,0.034));
#3466=VECTOR('',#4402,1.0);
#3467=AXIS2_PLACEMENT_3D('',#4403,#4404,#4405);
#3468=CARTESIAN_POINT('',(0.0449999999999999,0.9225,-8.40594281823758E-18));
#3469=CARTESIAN_POINT('',(0.0449999999999999,0.9225,0.00499999999999999));
#3470=CARTESIAN_POINT('',(0.0449999999999999,0.9225,0.00249999999999999));
#3471=VECTOR('',#4406,1.0);
#3472=CARTESIAN_POINT('',(0.0383333333333334,0.934972191289245,-7.0417190950973E-18));
#3473=AXIS2_PLACEMENT_3D('',#4407,#4408,#4409);
#3474=CARTESIAN_POINT('',(0.0383333333333334,0.934972191289245,0.00499999999999999));
#3475=CARTESIAN_POINT('',(0.0383333333333334,0.934972191289245,0.00499999999999999));
#3476=VECTOR('',#4410,1.0);
#3477=AXIS2_PLACEMENT_3D('',#4411,#4412,#4413);
#3478=CARTESIAN_POINT('',(0.0470000000000017,0.959,-8.91616411217872E-18));
#3479=CARTESIAN_POINT('',(0.0470000000000017,0.959,0.00499999999999999));
#3480=CARTESIAN_POINT('',(0.0470000000000017,0.959,0.00249999999999999));
#3481=VECTOR('',#4414,1.0);
#3482=CARTESIAN_POINT('',(0.038666666666667,0.972437096247165,-7.1029514350547E-18));
#3483=AXIS2_PLACEMENT_3D('',#4415,#4416,#4417);
#3484=CARTESIAN_POINT('',(0.038666666666667,0.972437096247165,0.00499999999999999));
#3485=CARTESIAN_POINT('',(0.0386666666666669,0.972437096247165,0.00499999999999999));
#3486=VECTOR('',#4418,1.0);
#3487=AXIS2_PLACEMENT_3D('',#4419,#4420,#4421);
#3488=CARTESIAN_POINT('',(-0.0282499999999942,0.195,0.00499999999999999));
#3489=CARTESIAN_POINT('',(-0.0282499999999942,0.195,-1.73472347597681E-17));
#3490=CARTESIAN_POINT('',(-0.0282499999999942,0.195,0.00249999999999999));
#3491=VECTOR('',#4422,1.0);
#3492=CARTESIAN_POINT('',(-0.0277769511386758,0.200148153595153,0.00499999999999999));
#3493=AXIS2_PLACEMENT_3D('',#4423,#4424,#4425);
#3494=CARTESIAN_POINT('',(-0.0277769511386758,0.200148153595153,-1.73472347597681E-17));
#3495=CARTESIAN_POINT('',(-0.0277769511386758,0.200148153595153,-1.73472347597681E-17));
#3496=VECTOR('',#4426,1.0);
#3497=AXIS2_PLACEMENT_3D('',#4427,#4428,#4429);
#3498=CARTESIAN_POINT('',(-0.0302499999999941,0.195,-1.73472347597681E-17));
#3499=CARTESIAN_POINT('',(-0.0302499999999941,0.195,0.00499999999999999));
#3500=CARTESIAN_POINT('',(-0.0302499999999941,0.195,0.00249999999999999));
#3501=VECTOR('',#4430,1.0);
#3502=CARTESIAN_POINT('',(-0.0297434609538037,0.200512624646137,-1.73472347597681E-17));
#3503=AXIS2_PLACEMENT_3D('',#4431,#4432,#4433);
#3504=CARTESIAN_POINT('',(-0.0297434609538037,0.200512624646137,0.005));
#3505=CARTESIAN_POINT('',(-0.0297434609538037,0.200512624646137,-1.73472347597681E-17));
#3506=VECTOR('',#4434,1.0);
#3507=AXIS2_PLACEMENT_3D('',#4435,#4436,#4437);
#3508=CARTESIAN_POINT('',(-0.0282499999999854,0.6175,0.00499999999999999));
#3509=CARTESIAN_POINT('',(-0.0282499999999854,0.6175,-1.73472347597681E-17));
#3510=CARTESIAN_POINT('',(-0.0282499999999854,0.6175,0.00249999999999999));
#3511=VECTOR('',#4438,1.0);
#3512=CARTESIAN_POINT('',(-0.0277769511386671,0.622648153595153,0.00499999999999999));
#3513=AXIS2_PLACEMENT_3D('',#4439,#4440,#4441);
#3514=CARTESIAN_POINT('',(-0.0277769511386671,0.622648153595153,-1.73472347597681E-17));
#3515=CARTESIAN_POINT('',(-0.0277769511386671,0.622648153595153,-1.73472347597681E-17));
#3516=VECTOR('',#4442,1.0);
#3517=AXIS2_PLACEMENT_3D('',#4443,#4444,#4445);
#3518=CARTESIAN_POINT('',(-0.0302499999999854,0.6175,-1.73472347597681E-17));
#3519=CARTESIAN_POINT('',(-0.0302499999999854,0.6175,0.00499999999999999));
#3520=CARTESIAN_POINT('',(-0.0302499999999854,0.6175,0.00249999999999999));
#3521=VECTOR('',#4446,1.0);
#3522=CARTESIAN_POINT('',(-0.029743460953795,0.623012624646137,-1.73472347597681E-17));
#3523=AXIS2_PLACEMENT_3D('',#4447,#4448,#4449);
#3524=CARTESIAN_POINT('',(-0.029743460953795,0.623012624646137,0.005));
#3525=CARTESIAN_POINT('',(-0.029743460953795,0.623012624646137,-1.73472347597681E-17));
#3526=VECTOR('',#4450,1.0);
#3527=AXIS2_PLACEMENT_3D('',#4451,#4452,#4453);
#3528=CARTESIAN_POINT('',(0.0141,1.193,0.00499999999999999));
#3529=CARTESIAN_POINT('',(0.0141,1.193,-1.20288603753249E-17));
#3530=CARTESIAN_POINT('',(0.0141,1.193,0.00499999999999999));
#3531=VECTOR('',#4454,1.0);
#3532=CARTESIAN_POINT('',(0.00590000000000001,1.193,0.00499999999999999));
#3533=AXIS2_PLACEMENT_3D('',#4455,#4456,#4457);
#3534=CARTESIAN_POINT('',(0.00590000000000001,1.193,-1.05225448123736E-17));
#3535=CARTESIAN_POINT('',(0.0059,1.193,0.00499999999999999));
#3536=VECTOR('',#4458,1.0);
#3537=AXIS2_PLACEMENT_3D('',#4459,#4460,#4461);
#3538=CARTESIAN_POINT('',(0.0141,1.178,0.00499999999999999));
#3539=CARTESIAN_POINT('',(0.0141,1.178,-1.20288603753249E-17));
#3540=CARTESIAN_POINT('',(0.0141,1.178,0.00499999999999999));
#3541=VECTOR('',#4462,1.0);
#3542=CARTESIAN_POINT('',(0.00590000000000001,1.178,0.00499999999999999));
#3543=AXIS2_PLACEMENT_3D('',#4463,#4464,#4465);
#3544=CARTESIAN_POINT('',(0.00590000000000001,1.178,-1.05225448123736E-17));
#3545=CARTESIAN_POINT('',(0.0059,1.178,0.00499999999999999));
#3546=VECTOR('',#4466,1.0);
#3547=AXIS2_PLACEMENT_3D('',#4467,#4468,#4469);
#3548=CARTESIAN_POINT('',(0.0141,1.163,0.00499999999999999));
#3549=CARTESIAN_POINT('',(0.0141,1.163,-1.20288603753249E-17));
#3550=CARTESIAN_POINT('',(0.0141,1.163,0.00499999999999999));
#3551=VECTOR('',#4470,1.0);
#3552=CARTESIAN_POINT('',(0.00590000000000001,1.163,0.00499999999999999));
#3553=AXIS2_PLACEMENT_3D('',#4471,#4472,#4473);
#3554=CARTESIAN_POINT('',(0.00590000000000001,1.163,-1.05225448123736E-17));
#3555=CARTESIAN_POINT('',(0.0059,1.163,0.00499999999999999));
#3556=VECTOR('',#4474,1.0);
#3557=AXIS2_PLACEMENT_3D('',#4475,#4476,#4477);
#3558=CARTESIAN_POINT('',(0.0155,1.474,0.00499999999999999));
#3559=CARTESIAN_POINT('',(0.0155,1.474,-1.22860362031458E-17));
#3560=CARTESIAN_POINT('',(0.0155,1.474,0.00499999999999999));
#3561=VECTOR('',#4478,1.0);
#3562=CARTESIAN_POINT('',(0.00450000000000001,1.474,0.00499999999999999));
#3563=AXIS2_PLACEMENT_3D('',#4479,#4480,#4481);
#3564=CARTESIAN_POINT('',(0.00450000000000001,1.474,-1.02653689845527E-17));
#3565=CARTESIAN_POINT('',(0.0045,1.474,0.00499999999999999));
#3566=VECTOR('',#4482,1.0);
#3567=AXIS2_PLACEMENT_3D('',#4483,#4484,#4485);
#3568=CARTESIAN_POINT('',(-0.05,1.049,0.02925));
#3569=CARTESIAN_POINT('',(-0.045,1.049,0.02925));
#3570=CARTESIAN_POINT('',(-0.05,1.049,0.02925));
#3571=VECTOR('',#4486,1.0);
#3572=CARTESIAN_POINT('',(-0.05,1.049,0.0207499999999998));
#3573=AXIS2_PLACEMENT_3D('',#4487,#4488,#4489);
#3574=CARTESIAN_POINT('',(-0.045,1.049,0.0207499999999998));
#3575=CARTESIAN_POINT('',(-0.05,1.049,0.0207499999999998));
#3576=VECTOR('',#4490,1.0);
#3577=AXIS2_PLACEMENT_3D('',#4491,#4492,#4493);
#3578=CARTESIAN_POINT('',(-0.05,0.869,0.0292499999999999));
#3579=CARTESIAN_POINT('',(-0.045,0.869,0.0292499999999999));
#3580=CARTESIAN_POINT('',(-0.05,0.869,0.0292499999999999));
#3581=VECTOR('',#4494,1.0);
#3582=CARTESIAN_POINT('',(-0.05,0.869,0.0207499999999999));
#3583=AXIS2_PLACEMENT_3D('',#4495,#4496,#4497);
#3584=CARTESIAN_POINT('',(-0.045,0.869,0.0207499999999999));
#3585=CARTESIAN_POINT('',(-0.05,0.869,0.0207499999999999));
#3586=VECTOR('',#4498,1.0);
#3587=AXIS2_PLACEMENT_3D('',#4499,#4500,#4501);
#3588=CARTESIAN_POINT('',(-0.05,1.327,0.0342500000000001));
#3589=CARTESIAN_POINT('',(-0.045,1.327,0.0342500000000001));
#3590=CARTESIAN_POINT('',(-0.05,1.327,0.0342500000000001));
#3591=VECTOR('',#4502,1.0);
#3592=CARTESIAN_POINT('',(-0.05,1.327,0.0257499999999999));
#3593=AXIS2_PLACEMENT_3D('',#4503,#4504,#4505);
#3594=CARTESIAN_POINT('',(-0.045,1.327,0.0257499999999999));
#3595=CARTESIAN_POINT('',(-0.05,1.327,0.0257499999999999));
#3596=VECTOR('',#4506,1.0);
#3597=AXIS2_PLACEMENT_3D('',#4507,#4508,#4509);
#3598=CARTESIAN_POINT('',(0.0362500000000017,0.959,0.00499999999999999));
#3599=CARTESIAN_POINT('',(0.0362500000000017,0.959,-1.55258618802593E-17));
#3600=CARTESIAN_POINT('',(0.0362500000000017,0.959,0.00499999999999999));
#3601=VECTOR('',#4510,1.0);
#3602=CARTESIAN_POINT('',(0.0277500000000017,0.959,0.00499999999999999));
#3603=AXIS2_PLACEMENT_3D('',#4511,#4512,#4513);
#3604=CARTESIAN_POINT('',(0.0277500000000017,0.959,-1.39644372113464E-17));
#3605=CARTESIAN_POINT('',(0.0277500000000017,0.959,0.00499999999999999));
#3606=VECTOR('',#4514,1.0);
#3607=AXIS2_PLACEMENT_3D('',#4515,#4516,#4517);
#3608=CARTESIAN_POINT('',(0.0302500000000059,0.195,0.00499999999999998));
#3609=CARTESIAN_POINT('',(0.0302500000000059,0.195,-1.73472347597681E-17));
#3610=CARTESIAN_POINT('',(0.0302500000000059,0.195,0.00249999999999999));
#3611=VECTOR('',#4518,1.0);
#3612=CARTESIAN_POINT('',(0.0297434609538156,0.200512624646137,0.00499999999999999));
#3613=AXIS2_PLACEMENT_3D('',#4519,#4520,#4521);
#3614=CARTESIAN_POINT('',(0.0297434609538156,0.200512624646137,-1.73472347597681E-17));
#3615=CARTESIAN_POINT('',(0.0297434609538156,0.200512624646137,-1.73472347597681E-17));
#3616=VECTOR('',#4522,1.0);
#3617=AXIS2_PLACEMENT_3D('',#4523,#4524,#4525);
#3618=CARTESIAN_POINT('',(0.0282500000000058,0.195,-1.73472347597681E-17));
#3619=CARTESIAN_POINT('',(0.0282500000000058,0.195,0.00499999999999998));
#3620=CARTESIAN_POINT('',(0.0282500000000058,0.195,0.00249999999999999));
#3621=VECTOR('',#4526,1.0);
#3622=CARTESIAN_POINT('',(0.0277769511386877,0.200148153595153,-1.42873941389151E-17));
#3623=AXIS2_PLACEMENT_3D('',#4527,#4528,#4529);
#3624=CARTESIAN_POINT('',(0.0277769511386877,0.200148153595153,0.00499999999999999));
#3625=CARTESIAN_POINT('',(0.0277769511386877,0.200148153595153,-1.73472347597681E-17));
#3626=VECTOR('',#4530,1.0);
#3627=AXIS2_PLACEMENT_3D('',#4531,#4532,#4533);
#3628=CARTESIAN_POINT('',(0.0302500000000146,0.6175,0.00499999999999998));
#3629=CARTESIAN_POINT('',(0.0302500000000146,0.6175,-1.73472347597681E-17));
#3630=CARTESIAN_POINT('',(0.0302500000000146,0.6175,0.00249999999999999));
#3631=VECTOR('',#4534,1.0);
#3632=CARTESIAN_POINT('',(0.0297434609538243,0.623012624646137,0.00499999999999999));
#3633=AXIS2_PLACEMENT_3D('',#4535,#4536,#4537);
#3634=CARTESIAN_POINT('',(0.0297434609538243,0.623012624646137,-1.73472347597681E-17));
#3635=CARTESIAN_POINT('',(0.0297434609538243,0.623012624646137,-1.73472347597681E-17));
#3636=VECTOR('',#4538,1.0);
#3637=AXIS2_PLACEMENT_3D('',#4539,#4540,#4541);
#3638=CARTESIAN_POINT('',(0.0282500000000146,0.6175,-1.73472347597681E-17));
#3639=CARTESIAN_POINT('',(0.0282500000000146,0.6175,0.00499999999999998));
#3640=CARTESIAN_POINT('',(0.0282500000000146,0.6175,0.00249999999999999));
#3641=VECTOR('',#4542,1.0);
#3642=CARTESIAN_POINT('',(0.0277769511386963,0.622648153595153,-1.42873941389167E-17));
#3643=AXIS2_PLACEMENT_3D('',#4543,#4544,#4545);
#3644=CARTESIAN_POINT('',(0.0277769511386963,0.622648153595153,0.00499999999999999));
#3645=CARTESIAN_POINT('',(0.0277769511386963,0.622648153595153,-1.73472347597681E-17));
#3646=VECTOR('',#4546,1.0);
#3647=AXIS2_PLACEMENT_3D('',#4547,#4548,#4549);
#3648=CARTESIAN_POINT('',(0.0232500000000001,0.8005,-4.42345809347399E-18));
#3649=CARTESIAN_POINT('',(0.0232500000000001,0.8005,0.00499999999999999));
#3650=CARTESIAN_POINT('',(0.0232500000000001,0.8005,0.00499999999999999));
#3651=VECTOR('',#4550,1.0);
#3652=CARTESIAN_POINT('',(0.0317499999999999,0.8005,-5.98488276238685E-18));
#3653=AXIS2_PLACEMENT_3D('',#4551,#4552,#4553);
#3654=CARTESIAN_POINT('',(0.0317499999999999,0.8005,0.00499999999999999));
#3655=CARTESIAN_POINT('',(0.0317499999999999,0.8005,0.00499999999999999));
#3656=VECTOR('',#4554,1.0);
#3657=AXIS2_PLACEMENT_3D('',#4555,#4556,#4557);
#3658=CARTESIAN_POINT('',(-0.0317499999999999,0.8005,5.98488276238685E-18));
#3659=CARTESIAN_POINT('',(-0.0317499999999999,0.8005,0.005));
#3660=CARTESIAN_POINT('',(-0.0317499999999999,0.8005,0.005));
#3661=VECTOR('',#4558,1.0);
#3662=CARTESIAN_POINT('',(-0.0232500000000001,0.8005,4.42345809347399E-18));
#3663=AXIS2_PLACEMENT_3D('',#4559,#4560,#4561);
#3664=CARTESIAN_POINT('',(-0.0232500000000001,0.8005,0.005));
#3665=CARTESIAN_POINT('',(-0.0232500000000001,0.8005,0.005));
#3666=VECTOR('',#4562,1.0);
#3667=AXIS2_PLACEMENT_3D('',#4563,#4564,#4565);
#3668=CARTESIAN_POINT('',(-0.05,1.115,0.0310999999999998));
#3669=CARTESIAN_POINT('',(-0.045,1.115,0.0310999999999998));
#3670=CARTESIAN_POINT('',(-0.045,1.115,0.0310999999999998));
#3671=VECTOR('',#4566,1.0);
#3672=CARTESIAN_POINT('',(-0.05,1.115,0.0209000000000002));
#3673=AXIS2_PLACEMENT_3D('',#4567,#4568,#4569);
#3674=CARTESIAN_POINT('',(-0.045,1.115,0.0209000000000002));
#3675=CARTESIAN_POINT('',(-0.045,1.115,0.0209000000000002));
#3676=VECTOR('',#4570,1.0);
#3677=AXIS2_PLACEMENT_3D('',#4571,#4572,#4573);
#3678=CARTESIAN_POINT('',(-0.05,1.285,0.0310999999999998));
#3679=CARTESIAN_POINT('',(-0.045,1.285,0.0310999999999998));
#3680=CARTESIAN_POINT('',(-0.045,1.285,0.0310999999999998));
#3681=VECTOR('',#4574,1.0);
#3682=CARTESIAN_POINT('',(-0.05,1.285,0.0209000000000002));
#3683=AXIS2_PLACEMENT_3D('',#4575,#4576,#4577);
#3684=CARTESIAN_POINT('',(-0.045,1.285,0.0209000000000002));
#3685=CARTESIAN_POINT('',(-0.045,1.285,0.0209000000000002));
#3686=VECTOR('',#4578,1.0);
#3687=AXIS2_PLACEMENT_3D('',#4579,#4580,#4581);
#3688=CARTESIAN_POINT('',(0.05,0.0799999999999999,0.05037));
#3689=CARTESIAN_POINT('',(0.045,0.0799999999999999,0.05037));
#3690=CARTESIAN_POINT('',(0.05,0.0799999999999999,0.05037));
#3691=VECTOR('',#4582,1.0);
#3692=CARTESIAN_POINT('',(0.05,0.0799999999999999,0.05537));
#3693=AXIS2_PLACEMENT_3D('',#4583,#4584,#4585);
#3694=CARTESIAN_POINT('',(0.045,0.0799999999999999,0.05537));
#3695=CARTESIAN_POINT('',(0.05,0.0799999999999999,0.05537));
#3696=VECTOR('',#4586,1.0);
#3697=AXIS2_PLACEMENT_3D('',#4587,#4588,#4589);
#3698=CARTESIAN_POINT('',(-0.045,0.0799999999999999,0.05037));
#3699=CARTESIAN_POINT('',(-0.05,0.0799999999999999,0.05037));
#3700=CARTESIAN_POINT('',(-0.0475,0.0799999999999999,0.05037));
#3701=VECTOR('',#4590,1.0);
#3702=CARTESIAN_POINT('',(-0.045,0.0799999999999999,0.05537));
#3703=AXIS2_PLACEMENT_3D('',#4591,#4592,#4593);
#3704=CARTESIAN_POINT('',(-0.05,0.0799999999999999,0.05537));
#3705=CARTESIAN_POINT('',(-0.0475,0.0799999999999999,0.05537));
#3706=VECTOR('',#4594,1.0);
#3707=AXIS2_PLACEMENT_3D('',#4595,#4596,#4597);
#3708=CARTESIAN_POINT('',(0.05,0.54075,0.0503700000000001));
#3709=CARTESIAN_POINT('',(0.045,0.54075,0.0503700000000001));
#3710=CARTESIAN_POINT('',(0.05,0.54075,0.0503700000000001));
#3711=VECTOR('',#4598,1.0);
#3712=CARTESIAN_POINT('',(0.05,0.54075,0.0553699999999999));
#3713=AXIS2_PLACEMENT_3D('',#4599,#4600,#4601);
#3714=CARTESIAN_POINT('',(0.045,0.54075,0.0553699999999999));
#3715=CARTESIAN_POINT('',(0.05,0.54075,0.0553699999999999));
#3716=VECTOR('',#4602,1.0);
#3717=AXIS2_PLACEMENT_3D('',#4603,#4604,#4605);
#3718=CARTESIAN_POINT('',(-0.045,0.54075,0.0503700000000001));
#3719=CARTESIAN_POINT('',(-0.05,0.54075,0.0503700000000001));
#3720=CARTESIAN_POINT('',(-0.0475,0.54075,0.0503700000000001));
#3721=VECTOR('',#4606,1.0);
#3722=CARTESIAN_POINT('',(-0.045,0.54075,0.05537));
#3723=AXIS2_PLACEMENT_3D('',#4607,#4608,#4609);
#3724=CARTESIAN_POINT('',(-0.05,0.54075,0.05537));
#3725=CARTESIAN_POINT('',(-0.0475,0.54075,0.0553699999999999));
#3726=VECTOR('',#4610,1.0);
#3727=AXIS2_PLACEMENT_3D('',#4611,#4612,#4613);
#3728=CARTESIAN_POINT('',(0.05,1.0065,0.0503700000000001));
#3729=CARTESIAN_POINT('',(0.045,1.0065,0.0503700000000001));
#3730=CARTESIAN_POINT('',(0.05,1.0065,0.0503700000000001));
#3731=VECTOR('',#4614,1.0);
#3732=CARTESIAN_POINT('',(0.05,1.0065,0.0553699999999999));
#3733=AXIS2_PLACEMENT_3D('',#4615,#4616,#4617);
#3734=CARTESIAN_POINT('',(0.045,1.0065,0.0553699999999999));
#3735=CARTESIAN_POINT('',(0.05,1.0065,0.0553699999999999));
#3736=VECTOR('',#4618,1.0);
#3737=AXIS2_PLACEMENT_3D('',#4619,#4620,#4621);
#3738=CARTESIAN_POINT('',(-0.045,1.0065,0.0503700000000001));
#3739=CARTESIAN_POINT('',(-0.05,1.0065,0.0503700000000001));
#3740=CARTESIAN_POINT('',(-0.0475,1.0065,0.0503700000000001));
#3741=VECTOR('',#4622,1.0);
#3742=CARTESIAN_POINT('',(-0.045,1.0065,0.05537));
#3743=AXIS2_PLACEMENT_3D('',#4623,#4624,#4625);
#3744=CARTESIAN_POINT('',(-0.05,1.0065,0.05537));
#3745=CARTESIAN_POINT('',(-0.0475,1.0065,0.0553699999999999));
#3746=VECTOR('',#4626,1.0);
#3747=AXIS2_PLACEMENT_3D('',#4627,#4628,#4629);
#3748=CARTESIAN_POINT('',(-0.045,1.47225,0.0503700000000001));
#3749=CARTESIAN_POINT('',(-0.05,1.47225,0.0503700000000001));
#3750=CARTESIAN_POINT('',(-0.0475,1.47225,0.0503700000000001));
#3751=VECTOR('',#4630,1.0);
#3752=CARTESIAN_POINT('',(-0.045,1.47225,0.05537));
#3753=AXIS2_PLACEMENT_3D('',#4631,#4632,#4633);
#3754=CARTESIAN_POINT('',(-0.05,1.47225,0.05537));
#3755=CARTESIAN_POINT('',(-0.0475,1.47225,0.0553699999999999));
#3756=VECTOR('',#4634,1.0);
#3757=AXIS2_PLACEMENT_3D('',#4635,#4636,#4637);
#3758=CARTESIAN_POINT('',(0.05,1.47225,0.0503700000000001));
#3759=CARTESIAN_POINT('',(0.045,1.47225,0.0503700000000001));
#3760=CARTESIAN_POINT('',(0.05,1.47225,0.0503700000000001));
#3761=VECTOR('',#4638,1.0);
#3762=CARTESIAN_POINT('',(0.05,1.47225,0.0553699999999999));
#3763=AXIS2_PLACEMENT_3D('',#4639,#4640,#4641);
#3764=CARTESIAN_POINT('',(0.045,1.47225,0.0553699999999999));
#3765=CARTESIAN_POINT('',(0.05,1.47225,0.0553699999999999));
#3766=VECTOR('',#4642,1.0);
#3767=AXIS2_PLACEMENT_3D('',#4643,#4644,#4645);
#3768=CARTESIAN_POINT('',(0.05,1.953,0.0503700000000001));
#3769=CARTESIAN_POINT('',(0.045,1.953,0.0503700000000001));
#3770=CARTESIAN_POINT('',(0.05,1.953,0.0503700000000001));
#3771=VECTOR('',#4646,1.0);
#3772=CARTESIAN_POINT('',(0.05,1.953,0.0553699999999999));
#3773=AXIS2_PLACEMENT_3D('',#4647,#4648,#4649);
#3774=CARTESIAN_POINT('',(0.045,1.953,0.0553699999999999));
#3775=CARTESIAN_POINT('',(0.05,1.953,0.0553699999999999));
#3776=VECTOR('',#4650,1.0);
#3777=AXIS2_PLACEMENT_3D('',#4651,#4652,#4653);
#3778=CARTESIAN_POINT('',(-0.045,1.953,0.0503700000000001));
#3779=CARTESIAN_POINT('',(-0.05,1.953,0.0503700000000001));
#3780=CARTESIAN_POINT('',(-0.0475,1.953,0.0503700000000001));
#3781=VECTOR('',#4654,1.0);
#3782=CARTESIAN_POINT('',(-0.045,1.953,0.05537));
#3783=AXIS2_PLACEMENT_3D('',#4655,#4656,#4657);
#3784=CARTESIAN_POINT('',(-0.05,1.953,0.05537));
#3785=CARTESIAN_POINT('',(-0.0475,1.953,0.0553699999999999));
#3786=VECTOR('',#4658,1.0);
#3787=AXIS2_PLACEMENT_3D('',#4659,#4660,#4661);
#3788=CARTESIAN_POINT('',(-0.0257499999999998,1.468,0.00499999999999999));
#3789=CARTESIAN_POINT('',(-0.0257499999999998,1.468,-9.54097911787244E-18));
#3790=CARTESIAN_POINT('',(-0.0257499999999998,1.468,-9.54097911787244E-18));
#3791=VECTOR('',#4662,1.0);
#3792=CARTESIAN_POINT('',(-0.0342500000000002,1.468,0.00499999999999999));
#3793=AXIS2_PLACEMENT_3D('',#4663,#4664,#4665);
#3794=CARTESIAN_POINT('',(-0.0342500000000002,1.468,-9.54097911787244E-18));
#3795=CARTESIAN_POINT('',(-0.0342500000000002,1.468,-9.54097911787244E-18));
#3796=VECTOR('',#4666,1.0);
#3797=AXIS2_PLACEMENT_3D('',#4667,#4668,#4669);
#3798=CARTESIAN_POINT('',(-0.0257499999999999,1.718,0.00499999999999999));
#3799=CARTESIAN_POINT('',(-0.0257499999999999,1.718,-9.54097911787244E-18));
#3800=CARTESIAN_POINT('',(-0.0257499999999999,1.718,-9.54097911787244E-18));
#3801=VECTOR('',#4670,1.0);
#3802=CARTESIAN_POINT('',(-0.0342500000000001,1.718,0.00499999999999999));
#3803=AXIS2_PLACEMENT_3D('',#4671,#4672,#4673);
#3804=CARTESIAN_POINT('',(-0.0342500000000001,1.718,-9.54097911787244E-18));
#3805=CARTESIAN_POINT('',(-0.0342500000000001,1.718,-9.54097911787244E-18));
#3806=VECTOR('',#4674,1.0);
#3807=AXIS2_PLACEMENT_3D('',#4675,#4676,#4677);
#3808=CARTESIAN_POINT('',(-0.0379999999999999,1.468,0.005));
#3809=CARTESIAN_POINT('',(-0.0379999999999999,1.468,7.10794391984538E-18));
#3810=CARTESIAN_POINT('',(-0.0379999999999999,1.468,0.00250000000000001));
#3811=VECTOR('',#4678,1.0);
#3812=CARTESIAN_POINT('',(-0.0361538461538461,1.47311176853103,0.00500000000000001));
#3813=AXIS2_PLACEMENT_3D('',#4679,#4680,#4681);
#3814=CARTESIAN_POINT('',(-0.0361538461538461,1.47311176853103,6.64135379537602E-18));
#3815=CARTESIAN_POINT('',(-0.0361538461538461,1.47311176853103,0.00500000000000001));
#3816=VECTOR('',#4682,1.0);
#3817=AXIS2_PLACEMENT_3D('',#4683,#4684,#4685);
#3818=CARTESIAN_POINT('',(-0.0380000000000001,1.718,0.005));
#3819=CARTESIAN_POINT('',(-0.0380000000000001,1.718,7.1079439198454E-18));
#3820=CARTESIAN_POINT('',(-0.0380000000000001,1.718,0.00250000000000001));
#3821=VECTOR('',#4686,1.0);
#3822=CARTESIAN_POINT('',(-0.0361538461538461,1.72311176853103,0.00500000000000001));
#3823=AXIS2_PLACEMENT_3D('',#4687,#4688,#4689);
#3824=CARTESIAN_POINT('',(-0.0361538461538461,1.72311176853103,6.64135379537603E-18));
#3825=CARTESIAN_POINT('',(-0.0361538461538462,1.72311176853103,0.00500000000000001));
#3826=VECTOR('',#4690,1.0);
#3827=AXIS2_PLACEMENT_3D('',#4691,#4692,#4693);
#3828=CARTESIAN_POINT('',(0.0249000000000017,0.9225,-4.70099649557689E-18));
#3829=CARTESIAN_POINT('',(0.0249000000000017,0.9225,0.00499999999999999));
#3830=CARTESIAN_POINT('',(0.0249000000000017,0.9225,0.00499999999999999));
#3831=VECTOR('',#4694,1.0);
#3832=CARTESIAN_POINT('',(0.0351000000000018,0.9225,-6.57470609827235E-18));
#3833=AXIS2_PLACEMENT_3D('',#4695,#4696,#4697);
#3834=CARTESIAN_POINT('',(0.0351000000000018,0.9225,0.00499999999999999));
#3835=CARTESIAN_POINT('',(0.0351000000000017,0.9225,0.00499999999999999));
#3836=VECTOR('',#4698,1.0);
#3837=AXIS2_PLACEMENT_3D('',#4699,#4700,#4701);
#3838=CARTESIAN_POINT('',(-0.0042499999999999,1.85399999999998,7.80712334456441E-19));
#3839=CARTESIAN_POINT('',(-0.0042499999999999,1.85399999999998,0.005));
#3840=CARTESIAN_POINT('',(-0.0042499999999999,1.85399999999998,0.005));
#3841=VECTOR('',#4702,1.0);
#3842=CARTESIAN_POINT('',(0.00425000000000014,1.85399999999998,-7.80712334456441E-19));
#3843=AXIS2_PLACEMENT_3D('',#4703,#4704,#4705);
#3844=CARTESIAN_POINT('',(0.00425000000000014,1.85399999999998,0.005));
#3845=CARTESIAN_POINT('',(0.00425000000000014,1.85399999999998,0.005));
#3846=VECTOR('',#4706,1.0);
#3847=AXIS2_PLACEMENT_3D('',#4707,#4708,#4709);
#3848=CARTESIAN_POINT('',(-0.00424999999999992,1.94199999999998,7.80712334456441E-19));
#3849=CARTESIAN_POINT('',(-0.00424999999999992,1.94199999999998,0.005));
#3850=CARTESIAN_POINT('',(-0.00424999999999992,1.94199999999998,0.005));
#3851=VECTOR('',#4710,1.0);
#3852=CARTESIAN_POINT('',(0.00425000000000012,1.94199999999998,-7.80712334456441E-19));
#3853=AXIS2_PLACEMENT_3D('',#4711,#4712,#4713);
#3854=CARTESIAN_POINT('',(0.00425000000000012,1.94199999999998,0.005));
#3855=CARTESIAN_POINT('',(0.00425000000000013,1.94199999999998,0.005));
#3856=VECTOR('',#4714,1.0);
#3857=AXIS2_PLACEMENT_3D('',#4715,#4716,#4717);
#3858=CARTESIAN_POINT('',(-0.042,1.80550000000001,0.03175));
#3859=CARTESIAN_POINT('',(-0.05,1.80550000000001,0.03175));
#3860=CARTESIAN_POINT('',(-0.05,1.80550000000001,0.03175));
#3861=VECTOR('',#4718,1.0);
#3862=CARTESIAN_POINT('',(-0.042,1.80550000000001,0.0382500000000001));
#3863=AXIS2_PLACEMENT_3D('',#4719,#4720,#4721);
#3864=CARTESIAN_POINT('',(-0.05,1.80550000000001,0.03825));
#3865=CARTESIAN_POINT('',(-0.05,1.80550000000001,0.03825));
#3866=VECTOR('',#4722,1.0);
#3867=AXIS2_PLACEMENT_3D('',#4723,#4724,#4725);
#3868=CARTESIAN_POINT('',(-0.045,1.78550000000001,0.03175));
#3869=CARTESIAN_POINT('',(-0.05,1.78550000000001,0.03175));
#3870=CARTESIAN_POINT('',(-0.05,1.78550000000001,0.03175));
#3871=VECTOR('',#4726,1.0);
#3872=CARTESIAN_POINT('',(-0.045,1.78550000000001,0.03825));
#3873=AXIS2_PLACEMENT_3D('',#4727,#4728,#4729);
#3874=CARTESIAN_POINT('',(-0.05,1.78550000000001,0.03825));
#3875=CARTESIAN_POINT('',(-0.05,1.78550000000001,0.03825));
#3876=VECTOR('',#4730,1.0);
#3877=AXIS2_PLACEMENT_3D('',#4731,#4732,#4733);
#3878=CARTESIAN_POINT('',(-0.042,1.80550000000001,0.038625));
#3879=CARTESIAN_POINT('',(-0.045,1.80550000000001,0.039));
#3880=CARTESIAN_POINT('',(-0.0435,1.80550000000001,0.0388125));
#3881=VECTOR('',#4734,1.0);
#3882=CARTESIAN_POINT('',(-0.042,1.80550000000001,0.031375));
#3883=AXIS2_PLACEMENT_3D('',#4735,#4736,#4737);
#3884=CARTESIAN_POINT('',(-0.045,1.80550000000001,0.031));
#3885=CARTESIAN_POINT('',(-0.0435,1.80550000000001,0.0311875));
#3886=VECTOR('',#4738,1.0);
#3887=AXIS2_PLACEMENT_3D('',#4739,#4740,#4741);
#3888=AXIS2_PLACEMENT_3D('',#4742,#4743,#4744);
#3889=AXIS2_PLACEMENT_3D('',#4745,#4746,#4747);
#3890=AXIS2_PLACEMENT_3D('',#4748,#4749,#4750);
#3891=AXIS2_PLACEMENT_3D('',#4751,#4752,#4753);
#3892=AXIS2_PLACEMENT_3D('',#4754,#4755,#4756);
#3893=AXIS2_PLACEMENT_3D('',#4757,#4758,#4759);
#3894=AXIS2_PLACEMENT_3D('',#4760,#4761,#4762);
#3895=AXIS2_PLACEMENT_3D('',#4763,#4764,#4765);
#3896=AXIS2_PLACEMENT_3D('',#4766,#4767,#4768);
#3897=AXIS2_PLACEMENT_3D('',#4769,#4770,#4771);
#3898=AXIS2_PLACEMENT_3D('',#4772,#4773,#4774);
#3899=AXIS2_PLACEMENT_3D('',#4775,#4776,#4777);
#3900=CARTESIAN_POINT('',(-0.0361538461538461,1.71288823146897,6.64135379537603E-18));
#3901=AXIS2_PLACEMENT_3D('',#4778,#4779,#4780);
#3902=CARTESIAN_POINT('',(-0.0361538461538461,1.71288823146897,0.00500000000000001));
#3903=CARTESIAN_POINT('',(-0.0361538461538462,1.71288823146897,0.00500000000000001));
#3904=VECTOR('',#4781,1.0);
#3905=AXIS2_PLACEMENT_3D('',#4782,#4783,#4784);
#3906=CARTESIAN_POINT('',(-0.0361538461538461,1.46288823146897,6.64135379537602E-18));
#3907=AXIS2_PLACEMENT_3D('',#4785,#4786,#4787);
#3908=CARTESIAN_POINT('',(-0.0361538461538461,1.46288823146897,0.00500000000000001));
#3909=CARTESIAN_POINT('',(-0.0361538461538461,1.46288823146897,0.00500000000000001));
#3910=VECTOR('',#4788,1.0);
#3911=AXIS2_PLACEMENT_3D('',#4789,#4790,#4791);
#3912=AXIS2_PLACEMENT_3D('',#4792,#4793,#4794);
#3913=AXIS2_PLACEMENT_3D('',#4795,#4796,#4797);
#3914=AXIS2_PLACEMENT_3D('',#4798,#4799,#4800);
#3915=AXIS2_PLACEMENT_3D('',#4801,#4802,#4803);
#3916=AXIS2_PLACEMENT_3D('',#4804,#4805,#4806);
#3917=AXIS2_PLACEMENT_3D('',#4807,#4808,#4809);
#3918=AXIS2_PLACEMENT_3D('',#4810,#4811,#4812);
#3919=AXIS2_PLACEMENT_3D('',#4813,#4814,#4815);
#3920=AXIS2_PLACEMENT_3D('',#4816,#4817,#4818);
#3921=AXIS2_PLACEMENT_3D('',#4819,#4820,#4821);
#3922=AXIS2_PLACEMENT_3D('',#4822,#4823,#4824);
#3923=AXIS2_PLACEMENT_3D('',#4825,#4826,#4827);
#3924=AXIS2_PLACEMENT_3D('',#4828,#4829,#4830);
#3925=AXIS2_PLACEMENT_3D('',#4831,#4832,#4833);
#3926=AXIS2_PLACEMENT_3D('',#4834,#4835,#4836);
#3927=AXIS2_PLACEMENT_3D('',#4837,#4838,#4839);
#3928=AXIS2_PLACEMENT_3D('',#4840,#4841,#4842);
#3929=AXIS2_PLACEMENT_3D('',#4843,#4844,#4845);
#3930=AXIS2_PLACEMENT_3D('',#4846,#4847,#4848);
#3931=AXIS2_PLACEMENT_3D('',#4849,#4850,#4851);
#3932=AXIS2_PLACEMENT_3D('',#4852,#4853,#4854);
#3933=AXIS2_PLACEMENT_3D('',#4855,#4856,#4857);
#3934=AXIS2_PLACEMENT_3D('',#4858,#4859,#4860);
#3935=AXIS2_PLACEMENT_3D('',#4861,#4862,#4863);
#3936=AXIS2_PLACEMENT_3D('',#4864,#4865,#4866);
#3937=AXIS2_PLACEMENT_3D('',#4867,#4868,#4869);
#3938=AXIS2_PLACEMENT_3D('',#4870,#4871,#4872);
#3939=AXIS2_PLACEMENT_3D('',#4873,#4874,#4875);
#3940=AXIS2_PLACEMENT_3D('',#4876,#4877,#4878);
#3941=AXIS2_PLACEMENT_3D('',#4879,#4880,#4881);
#3942=AXIS2_PLACEMENT_3D('',#4882,#4883,#4884);
#3943=AXIS2_PLACEMENT_3D('',#4885,#4886,#4887);
#3944=CARTESIAN_POINT('',(0.0277769511386964,0.612351846404847,0.00499999999999999));
#3945=AXIS2_PLACEMENT_3D('',#4888,#4889,#4890);
#3946=CARTESIAN_POINT('',(0.0277769511386964,0.612351846404847,-1.73472347597681E-17));
#3947=CARTESIAN_POINT('',(0.0277769511386964,0.612351846404847,-1.73472347597681E-17));
#3948=VECTOR('',#4891,1.0);
#3949=AXIS2_PLACEMENT_3D('',#4892,#4893,#4894);
#3950=CARTESIAN_POINT('',(0.0297434609538243,0.611987375353863,-1.73472347597681E-17));
#3951=AXIS2_PLACEMENT_3D('',#4895,#4896,#4897);
#3952=CARTESIAN_POINT('',(0.0297434609538243,0.611987375353863,0.00499999999999999));
#3953=CARTESIAN_POINT('',(0.0297434609538243,0.611987375353863,-1.73472347597681E-17));
#3954=VECTOR('',#4898,1.0);
#3955=AXIS2_PLACEMENT_3D('',#4899,#4900,#4901);
#3956=CARTESIAN_POINT('',(0.0277769511386877,0.189851846404847,0.00499999999999999));
#3957=AXIS2_PLACEMENT_3D('',#4902,#4903,#4904);
#3958=CARTESIAN_POINT('',(0.0277769511386877,0.189851846404847,-1.73472347597681E-17));
#3959=CARTESIAN_POINT('',(0.0277769511386877,0.189851846404847,-1.73472347597681E-17));
#3960=VECTOR('',#4905,1.0);
#3961=AXIS2_PLACEMENT_3D('',#4906,#4907,#4908);
#3962=CARTESIAN_POINT('',(0.0297434609538156,0.189487375353863,-1.73472347597681E-17));
#3963=AXIS2_PLACEMENT_3D('',#4909,#4910,#4911);
#3964=CARTESIAN_POINT('',(0.0297434609538156,0.189487375353863,0.00499999999999999));
#3965=CARTESIAN_POINT('',(0.0297434609538156,0.189487375353863,-1.73472347597681E-17));
#3966=VECTOR('',#4912,1.0);
#3967=AXIS2_PLACEMENT_3D('',#4913,#4914,#4915);
#3968=AXIS2_PLACEMENT_3D('',#4916,#4917,#4918);
#3969=AXIS2_PLACEMENT_3D('',#4919,#4920,#4921);
#3970=AXIS2_PLACEMENT_3D('',#4922,#4923,#4924);
#3971=AXIS2_PLACEMENT_3D('',#4925,#4926,#4927);
#3972=AXIS2_PLACEMENT_3D('',#4928,#4929,#4930);
#3973=AXIS2_PLACEMENT_3D('',#4931,#4932,#4933);
#3974=AXIS2_PLACEMENT_3D('',#4934,#4935,#4936);
#3975=AXIS2_PLACEMENT_3D('',#4937,#4938,#4939);
#3976=AXIS2_PLACEMENT_3D('',#4940,#4941,#4942);
#3977=AXIS2_PLACEMENT_3D('',#4943,#4944,#4945);
#3978=AXIS2_PLACEMENT_3D('',#4946,#4947,#4948);
#3979=AXIS2_PLACEMENT_3D('',#4949,#4950,#4951);
#3980=AXIS2_PLACEMENT_3D('',#4952,#4953,#4954);
#3981=AXIS2_PLACEMENT_3D('',#4955,#4956,#4957);
#3982=AXIS2_PLACEMENT_3D('',#4958,#4959,#4960);
#3983=AXIS2_PLACEMENT_3D('',#4961,#4962,#4963);
#3984=CARTESIAN_POINT('',(-0.029743460953795,0.611987375353862,0.005));
#3985=AXIS2_PLACEMENT_3D('',#4964,#4965,#4966);
#3986=CARTESIAN_POINT('',(-0.029743460953795,0.611987375353863,-1.73472347597681E-17));
#3987=CARTESIAN_POINT('',(-0.029743460953795,0.611987375353863,-1.73472347597681E-17));
#3988=VECTOR('',#4967,1.0);
#3989=AXIS2_PLACEMENT_3D('',#4968,#4969,#4970);
#3990=CARTESIAN_POINT('',(-0.0277769511386671,0.612351846404847,-4.082307848299E-18));
#3991=AXIS2_PLACEMENT_3D('',#4971,#4972,#4973);
#3992=CARTESIAN_POINT('',(-0.0277769511386671,0.612351846404847,0.005));
#3993=CARTESIAN_POINT('',(-0.0277769511386671,0.612351846404847,-1.73472347597681E-17));
#3994=VECTOR('',#4974,1.0);
#3995=AXIS2_PLACEMENT_3D('',#4975,#4976,#4977);
#3996=CARTESIAN_POINT('',(-0.0297434609538037,0.189487375353862,0.005));
#3997=AXIS2_PLACEMENT_3D('',#4978,#4979,#4980);
#3998=CARTESIAN_POINT('',(-0.0297434609538037,0.189487375353862,-1.73472347597681E-17));
#3999=CARTESIAN_POINT('',(-0.0297434609538037,0.189487375353862,-1.73472347597681E-17));
#4000=VECTOR('',#4981,1.0);
#4001=AXIS2_PLACEMENT_3D('',#4982,#4983,#4984);
#4002=CARTESIAN_POINT('',(-0.0277769511386758,0.189851846404847,-4.0823078482974E-18));
#4003=AXIS2_PLACEMENT_3D('',#4985,#4986,#4987);
#4004=CARTESIAN_POINT('',(-0.0277769511386758,0.189851846404847,0.005));
#4005=CARTESIAN_POINT('',(-0.0277769511386758,0.189851846404847,-1.73472347597681E-17));
#4006=VECTOR('',#4988,1.0);
#4007=AXIS2_PLACEMENT_3D('',#4989,#4990,#4991);
#4008=CARTESIAN_POINT('',(0.038666666666667,0.945562903752835,0.00499999999999999));
#4009=AXIS2_PLACEMENT_3D('',#4992,#4993,#4994);
#4010=CARTESIAN_POINT('',(0.038666666666667,0.945562903752835,-7.1029514350547E-18));
#4011=CARTESIAN_POINT('',(0.0386666666666669,0.945562903752835,0.00499999999999999));
#4012=VECTOR('',#4995,1.0);
#4013=AXIS2_PLACEMENT_3D('',#4996,#4997,#4998);
#4014=CARTESIAN_POINT('',(0.0383333333333334,0.910027808710754,0.00499999999999999));
#4015=AXIS2_PLACEMENT_3D('',#4999,#5000,#5001);
#4016=CARTESIAN_POINT('',(0.0383333333333334,0.910027808710754,-7.0417190950973E-18));
#4017=CARTESIAN_POINT('',(0.0383333333333334,0.910027808710754,0.00499999999999999));
#4018=VECTOR('',#5002,1.0);
#4019=AXIS2_PLACEMENT_3D('',#5003,#5004,#5005);
#4020=AXIS2_PLACEMENT_3D('',#5006,#5007,#5008);
#4021=AXIS2_PLACEMENT_3D('',#5009,#5010,#5011);
#4022=CARTESIAN_POINT('',(-0.035,1.70969337613708,6.42939569552361E-18));
#4023=CARTESIAN_POINT('',(-0.035,1.708,6.42939569552361E-18));
#4024=CARTESIAN_POINT('',(-0.035,1.733,6.4293956955236E-18));
#4025=VECTOR('',#5012,1.0);
#4026=CARTESIAN_POINT('',(-0.035,1.708,0.005));
#4027=CARTESIAN_POINT('',(-0.035,1.708,0.005));
#4028=VECTOR('',#5013,1.0);
#4029=CARTESIAN_POINT('',(-0.035,1.70969337613708,0.005));
#4030=CARTESIAN_POINT('',(-0.0349999999999999,1.968,0.005));
#4031=VECTOR('',#5014,1.0);
#4032=CARTESIAN_POINT('',(-0.035,1.70969337613708,0.015));
#4033=VECTOR('',#5015,1.0);
#4034=CARTESIAN_POINT('',(-0.035,1.458,0.005));
#4035=CARTESIAN_POINT('',(-0.035,1.45969337613708,0.005));
#4036=CARTESIAN_POINT('',(-0.0349999999999999,1.968,0.005));
#4037=VECTOR('',#5016,1.0);
#4038=CARTESIAN_POINT('',(-0.035,1.45969337613708,6.4293956955236E-18));
#4039=CARTESIAN_POINT('',(-0.035,1.45969337613708,0.015));
#4040=VECTOR('',#5017,1.0);
#4041=CARTESIAN_POINT('',(-0.035,1.458,6.4293956955236E-18));
#4042=CARTESIAN_POINT('',(-0.035,1.453,6.4293956955236E-18));
#4043=VECTOR('',#5018,1.0);
#4044=CARTESIAN_POINT('',(-0.035,1.458,0.005));
#4045=VECTOR('',#5019,1.0);
#4046=CARTESIAN_POINT('',(-0.045,1.703,0.01));
#4047=CARTESIAN_POINT('',(-0.04,1.703,0.005));
#4048=AXIS2_PLACEMENT_3D('',#5020,#5021,#5022);
#4049=CARTESIAN_POINT('',(-0.045,1.483,0.01));
#4050=CARTESIAN_POINT('',(-0.045,1.968,0.01));
#4051=VECTOR('',#5023,1.0);
#4052=CARTESIAN_POINT('',(-0.04,1.483,0.005));
#4053=AXIS2_PLACEMENT_3D('',#5024,#5025,#5026);
#4054=CARTESIAN_POINT('',(-0.04,1.968,0.005));
#4055=VECTOR('',#5027,1.0);
#4056=CARTESIAN_POINT('',(-0.045,1.453,0.01));
#4057=CARTESIAN_POINT('',(-0.04,1.453,0.005));
#4058=AXIS2_PLACEMENT_3D('',#5028,#5029,#5030);
#4059=CARTESIAN_POINT('',(-0.045,0.0649999999999999,0.01));
#4060=CARTESIAN_POINT('',(-0.045,1.968,0.01));
#4061=VECTOR('',#5031,1.0);
#4062=CARTESIAN_POINT('',(-0.04,0.0649999999999999,0.005));
#4063=AXIS2_PLACEMENT_3D('',#5032,#5033,#5034);
#4064=CARTESIAN_POINT('',(-0.04,1.968,0.005));
#4065=VECTOR('',#5035,1.0);
#4066=CARTESIAN_POINT('',(-0.05,1.703,0.01));
#4067=CARTESIAN_POINT('',(-0.05,1.483,0.01));
#4068=CARTESIAN_POINT('',(-0.05,1.968,0.01));
#4069=VECTOR('',#5036,1.0);
#4070=CARTESIAN_POINT('',(-0.04,1.703,7.34788079488412E-18));
#4071=AXIS2_PLACEMENT_3D('',#5037,#5038,#5039);
#4072=CARTESIAN_POINT('',(-0.04,1.483,7.34788079488412E-18));
#4073=CARTESIAN_POINT('',(-0.04,1.968,-1.83697019872103E-18));
#4074=VECTOR('',#5040,1.0);
#4075=AXIS2_PLACEMENT_3D('',#5041,#5042,#5043);
#4076=CARTESIAN_POINT('',(-0.05,1.453,0.01));
#4077=CARTESIAN_POINT('',(-0.05,0.0649999999999999,0.01));
#4078=CARTESIAN_POINT('',(-0.05,1.968,0.01));
#4079=VECTOR('',#5044,1.0);
#4080=CARTESIAN_POINT('',(-0.04,1.453,7.34788079488412E-18));
#4081=AXIS2_PLACEMENT_3D('',#5045,#5046,#5047);
#4082=CARTESIAN_POINT('',(-0.04,0.065,-1.73472347597681E-17));
#4083=CARTESIAN_POINT('',(-0.04,1.968,-1.83697019872103E-18));
#4084=VECTOR('',#5048,1.0);
#4085=AXIS2_PLACEMENT_3D('',#5049,#5050,#5051);
#4086=CARTESIAN_POINT('',(0.037,0.937466629547095,-6.79678973526781E-18));
#4087=CARTESIAN_POINT('',(0.037,0.942875484503402,-6.79678973526781E-18));
#4088=CARTESIAN_POINT('',(0.037,0.9025,-6.79678973526781E-18));
#4089=VECTOR('',#5052,1.0);
#4090=CARTESIAN_POINT('',(0.037,0.942875484503402,0.00499999999999999));
#4091=CARTESIAN_POINT('',(0.037,0.942875484503402,0.015));
#4092=VECTOR('',#5053,1.0);
#4093=CARTESIAN_POINT('',(0.037,0.937466629547095,0.00499999999999999));
#4094=CARTESIAN_POINT('',(0.0370000000000001,1.968,0.00499999999999999));
#4095=VECTOR('',#5054,1.0);
#4096=CARTESIAN_POINT('',(0.037,0.937466629547095,0.015));
#4097=VECTOR('',#5055,1.0);
#4098=CARTESIAN_POINT('',(0.037,0.976,0.00499999999999999));
#4099=CARTESIAN_POINT('',(0.037,0.975124515496598,0.00499999999999999));
#4100=CARTESIAN_POINT('',(0.0370000000000001,1.968,0.00499999999999999));
#4101=VECTOR('',#5056,1.0);
#4102=CARTESIAN_POINT('',(0.037,0.975124515496598,-6.79678973526781E-18));
#4103=CARTESIAN_POINT('',(0.037,0.975124515496598,0.015));
#4104=VECTOR('',#5057,1.0);
#4105=CARTESIAN_POINT('',(0.037,0.976,-6.79678973526781E-18));
#4106=CARTESIAN_POINT('',(0.037,0.9025,-6.79678973526781E-18));
#4107=VECTOR('',#5058,1.0);
#4108=CARTESIAN_POINT('',(0.037,0.976,0.00499999999999999));
#4109=VECTOR('',#5059,1.0);
#4110=CARTESIAN_POINT('',(0.045,0.9025,0.00999999999999998));
#4111=CARTESIAN_POINT('',(0.045,0.9025,0.012));
#4112=CARTESIAN_POINT('',(0.045,0.9025,-1.60567373525746E-17));
#4113=VECTOR('',#5060,1.0);
#4114=CARTESIAN_POINT('',(0.05,0.9025,0.012));
#4115=CARTESIAN_POINT('',(0.037,0.9025,0.012));
#4116=VECTOR('',#5061,1.0);
#4117=CARTESIAN_POINT('',(0.05,0.9025,0.00999999999999998));
#4118=CARTESIAN_POINT('',(0.05,0.9025,0.015));
#4119=VECTOR('',#5062,1.0);
#4120=CARTESIAN_POINT('',(0.04,0.9025,-1.65327317884893E-17));
#4121=AXIS2_PLACEMENT_3D('',#5063,#5064,#5065);
#4122=CARTESIAN_POINT('',(0.04,0.9025,0.00499999999999998));
#4123=CARTESIAN_POINT('',(0.04,0.9025,0.00499999999999998));
#4124=VECTOR('',#5066,1.0);
#4125=AXIS2_PLACEMENT_3D('',#5067,#5068,#5069);
#4126=CARTESIAN_POINT('',(0.05,0.979,0.012));
#4127=CARTESIAN_POINT('',(0.05,0.979,0.00999999999999998));
#4128=CARTESIAN_POINT('',(0.05,0.979,0.015));
#4129=VECTOR('',#5070,1.0);
#4130=CARTESIAN_POINT('',(0.045,0.979,0.012));
#4131=CARTESIAN_POINT('',(0.037,0.979,0.012));
#4132=VECTOR('',#5071,1.0);
#4133=CARTESIAN_POINT('',(0.045,0.979,0.00999999999999998));
#4134=CARTESIAN_POINT('',(0.045,0.979,-1.60567373525746E-17));
#4135=VECTOR('',#5072,1.0);
#4136=CARTESIAN_POINT('',(0.04,0.979,0.00499999999999998));
#4137=AXIS2_PLACEMENT_3D('',#5073,#5074,#5075);
#4138=CARTESIAN_POINT('',(0.04,0.979,-7.34788079488412E-18));
#4139=CARTESIAN_POINT('',(0.04,0.979,-7.34788079488412E-18));
#4140=VECTOR('',#5076,1.0);
#4141=AXIS2_PLACEMENT_3D('',#5077,#5078,#5079);
#4142=CARTESIAN_POINT('',(0.045,1.968,0.00999999999999998));
#4143=CARTESIAN_POINT('',(0.045,1.968,0.00999999999999998));
#4144=VECTOR('',#5080,1.0);
#4145=CARTESIAN_POINT('',(0.04,1.968,0.00499999999999998));
#4146=AXIS2_PLACEMENT_3D('',#5081,#5082,#5083);
#4147=CARTESIAN_POINT('',(0.04,1.968,0.00499999999999998));
#4148=VECTOR('',#5084,1.0);
#4149=CARTESIAN_POINT('',(0.05,1.968,0.00999999999999998));
#4150=CARTESIAN_POINT('',(0.05,1.968,0.00999999999999998));
#4151=VECTOR('',#5085,1.0);
#4152=CARTESIAN_POINT('',(0.04,1.968,-1.65327317884893E-17));
#4153=CARTESIAN_POINT('',(0.04,1.968,-1.65327317884893E-17));
#4154=VECTOR('',#5086,1.0);
#4155=AXIS2_PLACEMENT_3D('',#5087,#5088,#5089);
#4156=CARTESIAN_POINT('',(-0.05,0.065,0.06));
#4157=CARTESIAN_POINT('',(-0.05,0.065,-1.73472347597681E-17));
#4158=VECTOR('',#5090,1.0);
#4159=CARTESIAN_POINT('',(0.04,0.065,-1.73472347597681E-17));
#4160=CARTESIAN_POINT('',(0.05,0.065,-1.73472347597681E-17));
#4161=VECTOR('',#5091,1.0);
#4162=CARTESIAN_POINT('',(0.05,0.0649999999999999,0.00999999999999998));
#4163=AXIS2_PLACEMENT_3D('',#5092,#5093,#5094);
#4164=CARTESIAN_POINT('',(0.05,0.065,0.06));
#4165=CARTESIAN_POINT('',(0.05,0.065,-1.73472347597681E-17));
#4166=VECTOR('',#5095,1.0);
#4167=CARTESIAN_POINT('',(0.045,0.065,0.06));
#4168=CARTESIAN_POINT('',(0.05,0.065,0.06));
#4169=VECTOR('',#5096,1.0);
#4170=CARTESIAN_POINT('',(0.045,0.0649999999999999,0.00999999999999998));
#4171=CARTESIAN_POINT('',(0.045,0.0649999999999999,-1.60567373525744E-17));
#4172=VECTOR('',#5097,1.0);
#4173=CARTESIAN_POINT('',(0.04,0.0649999999999999,0.00499999999999998));
#4174=AXIS2_PLACEMENT_3D('',#5098,#5099,#5100);
#4175=CARTESIAN_POINT('',(-0.0499999999999997,0.0649999999999999,0.005));
#4176=VECTOR('',#5101,1.0);
#4177=CARTESIAN_POINT('',(-0.045,0.065,0.06));
#4178=CARTESIAN_POINT('',(-0.045,0.0649999999999999,0.0));
#4179=VECTOR('',#5102,1.0);
#4180=CARTESIAN_POINT('',(0.05,0.065,0.06));
#4181=VECTOR('',#5103,1.0);
#4182=CARTESIAN_POINT('',(-0.05,1.708,0.015));
#4183=CARTESIAN_POINT('',(-0.05,1.728,0.015));
#4184=CARTESIAN_POINT('',(-0.05,1.733,0.015));
#4185=VECTOR('',#5104,1.0);
#4186=AXIS2_PLACEMENT_3D('',#5105,#5106,#5107);
#4187=CARTESIAN_POINT('',(-0.05,1.478,0.015));
#4188=AXIS2_PLACEMENT_3D('',#5108,#5109,#5110);
#4189=CARTESIAN_POINT('',(-0.05,1.458,0.015));
#4190=CARTESIAN_POINT('',(-0.05,1.453,0.015));
#4191=VECTOR('',#5111,1.0);
#4192=AXIS2_PLACEMENT_3D('',#5112,#5113,#5114);
#4193=CARTESIAN_POINT('',(-0.05,1.968,0.06));
#4194=CARTESIAN_POINT('',(-0.05,1.968,0.06));
#4195=VECTOR('',#5115,1.0);
#4196=CARTESIAN_POINT('',(-0.05,1.968,0.01));
#4197=CARTESIAN_POINT('',(-0.05,1.968,0.0));
#4198=VECTOR('',#5116,1.0);
#4199=CARTESIAN_POINT('',(-0.05,1.733,0.01));
#4200=CARTESIAN_POINT('',(-0.05,1.968,0.01));
#4201=VECTOR('',#5117,1.0);
#4202=AXIS2_PLACEMENT_3D('',#5118,#5119,#5120);
#4203=CARTESIAN_POINT('',(-0.04,1.968,0.005));
#4204=CARTESIAN_POINT('',(-0.045,1.968,0.01));
#4205=AXIS2_PLACEMENT_3D('',#5121,#5122,#5123);
#4206=CARTESIAN_POINT('',(-0.05,1.968,0.005));
#4207=VECTOR('',#5124,1.0);
#4208=CARTESIAN_POINT('',(0.045,1.968,0.06));
#4209=CARTESIAN_POINT('',(0.045,1.968,-1.60567373525746E-17));
#4210=VECTOR('',#5125,1.0);
#4211=CARTESIAN_POINT('',(0.05,1.968,0.06));
#4212=CARTESIAN_POINT('',(0.05,1.968,0.06));
#4213=VECTOR('',#5126,1.0);
#4214=CARTESIAN_POINT('',(0.05,1.968,-1.83697019872103E-17));
#4215=VECTOR('',#5127,1.0);
#4216=CARTESIAN_POINT('',(-0.04,1.968,-1.83697019872103E-18));
#4217=CARTESIAN_POINT('',(-0.05,1.968,0.0));
#4218=VECTOR('',#5128,1.0);
#4219=AXIS2_PLACEMENT_3D('',#5129,#5130,#5131);
#4220=CARTESIAN_POINT('',(-0.045,1.968,0.06));
#4221=CARTESIAN_POINT('',(-0.045,1.968,0.06));
#4222=VECTOR('',#5132,1.0);
#4223=CARTESIAN_POINT('',(-0.045,1.968,0.0));
#4224=VECTOR('',#5133,1.0);
#4225=CARTESIAN_POINT('',(-0.045,1.968,0.06));
#4226=VECTOR('',#5134,1.0);
#4227=CARTESIAN_POINT('',(-0.045,1.708,0.015));
#4228=AXIS2_PLACEMENT_3D('',#5135,#5136,#5137);
#4229=CARTESIAN_POINT('',(-0.045,1.728,0.015));
#4230=CARTESIAN_POINT('',(-0.045,1.968,0.015));
#4231=VECTOR('',#5138,1.0);
#4232=CARTESIAN_POINT('',(-0.045,1.733,0.01));
#4233=AXIS2_PLACEMENT_3D('',#5139,#5140,#5141);
#4234=CARTESIAN_POINT('',(-0.045,1.968,0.01));
#4235=VECTOR('',#5142,1.0);
#4236=CARTESIAN_POINT('',(-0.045,1.458,0.015));
#4237=AXIS2_PLACEMENT_3D('',#5143,#5144,#5145);
#4238=CARTESIAN_POINT('',(-0.045,1.478,0.015));
#4239=CARTESIAN_POINT('',(-0.045,1.968,0.015));
#4240=VECTOR('',#5146,1.0);
#4241=AXIS2_PLACEMENT_3D('',#5147,#5148,#5149);
#4242=CARTESIAN_POINT('',(-0.04,1.733,0.005));
#4243=AXIS2_PLACEMENT_3D('',#5150,#5151,#5152);
#4244=CARTESIAN_POINT('',(-0.04,1.968,0.005));
#4245=VECTOR('',#5153,1.0);
#4246=AXIS2_PLACEMENT_3D('',#5154,#5155,#5156);
#4247=CARTESIAN_POINT('',(-0.035,1.478,0.005));
#4248=AXIS2_PLACEMENT_3D('',#5157,#5158,#5159);
#4249=CARTESIAN_POINT('',(-0.035,1.47630662386292,0.005));
#4250=CARTESIAN_POINT('',(-0.0349999999999999,1.968,0.005));
#4251=VECTOR('',#5160,1.0);
#4252=AXIS2_PLACEMENT_3D('',#5161,#5162,#5163);
#4253=AXIS2_PLACEMENT_3D('',#5164,#5165,#5166);
#4254=AXIS2_PLACEMENT_3D('',#5167,#5168,#5169);
#4255=CARTESIAN_POINT('',(0.04,1.968,0.00499999999999998));
#4256=VECTOR('',#5170,1.0);
#4257=CARTESIAN_POINT('',(0.037,0.9055,0.00499999999999999));
#4258=AXIS2_PLACEMENT_3D('',#5171,#5172,#5173);
#4259=CARTESIAN_POINT('',(0.037,0.907533370452905,0.00499999999999999));
#4260=CARTESIAN_POINT('',(0.0370000000000001,1.968,0.00499999999999999));
#4261=VECTOR('',#5174,1.0);
#4262=AXIS2_PLACEMENT_3D('',#5175,#5176,#5177);
#4263=AXIS2_PLACEMENT_3D('',#5178,#5179,#5180);
#4264=AXIS2_PLACEMENT_3D('',#5181,#5182,#5183);
#4265=AXIS2_PLACEMENT_3D('',#5184,#5185,#5186);
#4266=AXIS2_PLACEMENT_3D('',#5187,#5188,#5189);
#4267=CARTESIAN_POINT('',(-0.035,1.728,0.005));
#4268=AXIS2_PLACEMENT_3D('',#5190,#5191,#5192);
#4269=CARTESIAN_POINT('',(-0.035,1.72630662386292,0.005));
#4270=CARTESIAN_POINT('',(-0.0349999999999999,1.968,0.005));
#4271=VECTOR('',#5193,1.0);
#4272=AXIS2_PLACEMENT_3D('',#5194,#5195,#5196);
#4273=AXIS2_PLACEMENT_3D('',#5197,#5198,#5199);
#4274=CARTESIAN_POINT('',(-0.290327468592796,0.671309015746356,0.00500000000000004));
#4275=VECTOR('',#5200,1.0);
#4276=CARTESIAN_POINT('',(0.193648447267933,0.653390618269097,0.00499999999999996));
#4277=VECTOR('',#5201,1.0);
#4278=CARTESIAN_POINT('',(-0.366032697934395,0.262840150648886,0.00500000000000006));
#4279=VECTOR('',#5202,1.0);
#4280=CARTESIAN_POINT('',(0.269353676609536,0.244921753171618,0.00499999999999994));
#4281=VECTOR('',#5203,1.0);
#4282=CARTESIAN_POINT('',(-0.36603269793421,0.262840150648808,0.00500000000000006));
#4283=VECTOR('',#5204,1.0);
#4284=CARTESIAN_POINT('',(0.269353676609346,0.244921753171553,0.00499999999999994));
#4285=VECTOR('',#5205,1.0);
#4286=CARTESIAN_POINT('',(-0.290327468592795,0.67130901574636,0.00500000000000004));
#4287=VECTOR('',#5206,1.0);
#4288=CARTESIAN_POINT('',(0.193648447267934,0.653390618269093,0.00499999999999996));
#4289=VECTOR('',#5207,1.0);
#4290=CARTESIAN_POINT('',(0.045,1.968,0.00999999999999998));
#4291=VECTOR('',#5208,1.0);
#4292=CARTESIAN_POINT('',(0.045,0.976,0.015));
#4293=AXIS2_PLACEMENT_3D('',#5209,#5210,#5211);
#4294=CARTESIAN_POINT('',(0.045,0.9055,0.015));
#4295=CARTESIAN_POINT('',(0.045,1.968,0.015));
#4296=VECTOR('',#5212,1.0);
#4297=AXIS2_PLACEMENT_3D('',#5213,#5214,#5215);
#4298=CARTESIAN_POINT('',(0.045,1.968,0.06));
#4299=VECTOR('',#5216,1.0);
#4300=CARTESIAN_POINT('',(0.05,1.968,0.06));
#4301=VECTOR('',#5217,1.0);
#4302=CARTESIAN_POINT('',(0.05,0.976,0.015));
#4303=CARTESIAN_POINT('',(0.05,0.9055,0.015));
#4304=CARTESIAN_POINT('',(0.05,0.9025,0.015));
#4305=VECTOR('',#5218,1.0);
#4306=AXIS2_PLACEMENT_3D('',#5219,#5220,#5221);
#4307=CARTESIAN_POINT('',(0.05,1.968,0.00999999999999998));
#4308=VECTOR('',#5222,1.0);
#4309=AXIS2_PLACEMENT_3D('',#5223,#5224,#5225);
#4310=CARTESIAN_POINT('',(0.04,1.968,-1.65327317884893E-17));
#4311=VECTOR('',#5226,1.0);
#4312=AXIS2_PLACEMENT_3D('',#5227,#5228,#5229);
#4313=AXIS2_PLACEMENT_3D('',#5230,#5231,#5232);
#4314=CARTESIAN_POINT('',(-0.035,1.72630662386292,6.4293956955236E-18));
#4315=AXIS2_PLACEMENT_3D('',#5233,#5234,#5235);
#4316=CARTESIAN_POINT('',(-0.035,1.728,6.4293956955236E-18));
#4317=CARTESIAN_POINT('',(-0.035,1.733,6.4293956955236E-18));
#4318=VECTOR('',#5236,1.0);
#4319=CARTESIAN_POINT('',(-0.04,1.733,7.34788079488412E-18));
#4320=AXIS2_PLACEMENT_3D('',#5237,#5238,#5239);
#4321=CARTESIAN_POINT('',(-0.04,1.968,-1.83697019872103E-18));
#4322=VECTOR('',#5240,1.0);
#4323=AXIS2_PLACEMENT_3D('',#5241,#5242,#5243);
#4324=AXIS2_PLACEMENT_3D('',#5244,#5245,#5246);
#4325=AXIS2_PLACEMENT_3D('',#5247,#5248,#5249);
#4326=AXIS2_PLACEMENT_3D('',#5250,#5251,#5252);
#4327=CARTESIAN_POINT('',(0.037,0.907533370452905,-6.79678973526781E-18));
#4328=AXIS2_PLACEMENT_3D('',#5253,#5254,#5255);
#4329=CARTESIAN_POINT('',(0.037,0.9055,-6.79678973526781E-18));
#4330=CARTESIAN_POINT('',(0.037,0.9025,-6.79678973526781E-18));
#4331=VECTOR('',#5256,1.0);
#4332=AXIS2_PLACEMENT_3D('',#5257,#5258,#5259);
#4333=AXIS2_PLACEMENT_3D('',#5260,#5261,#5262);
#4334=AXIS2_PLACEMENT_3D('',#5263,#5264,#5265);
#4335=CARTESIAN_POINT('',(-0.035,1.47630662386292,6.4293956955236E-18));
#4336=AXIS2_PLACEMENT_3D('',#5266,#5267,#5268);
#4337=CARTESIAN_POINT('',(-0.035,1.478,6.4293956955236E-18));
#4338=CARTESIAN_POINT('',(-0.035,1.453,6.4293956955236E-18));
#4339=VECTOR('',#5269,1.0);
#4340=AXIS2_PLACEMENT_3D('',#5270,#5271,#5272);
#4341=CARTESIAN_POINT('',(0.0297434609538243,0.611987375353863,-1.73472347597681E-17));
#4342=VECTOR('',#5273,1.0);
#4343=CARTESIAN_POINT('',(0.0277769511386964,0.622648153595153,-1.73472347597681E-17));
#4344=VECTOR('',#5274,1.0);
#4345=CARTESIAN_POINT('',(-0.0277769511386758,0.200148153595153,-1.73472347597681E-17));
#4346=VECTOR('',#5275,1.0);
#4347=CARTESIAN_POINT('',(-0.0297434609538037,0.189487375353862,-1.73472347597681E-17));
#4348=VECTOR('',#5276,1.0);
#4349=CARTESIAN_POINT('',(0.0297434609538156,0.189487375353863,-1.73472347597681E-17));
#4350=VECTOR('',#5277,1.0);
#4351=CARTESIAN_POINT('',(0.0277769511386877,0.200148153595153,-1.73472347597681E-17));
#4352=VECTOR('',#5278,1.0);
#4353=CARTESIAN_POINT('',(-0.0277769511386671,0.622648153595153,-1.73472347597681E-17));
#4354=VECTOR('',#5279,1.0);
#4355=CARTESIAN_POINT('',(-0.029743460953795,0.611987375353863,-1.73472347597681E-17));
#4356=VECTOR('',#5280,1.0);
#4357=AXIS2_PLACEMENT_3D('',#5281,#5282,#5283);
#4358=CARTESIAN_POINT('',(0.037,0.9055,-6.38780284429092E-18));
#4359=VECTOR('',#5284,1.0);
#4360=CARTESIAN_POINT('',(0.037,0.907533370452905,0.015));
#4361=VECTOR('',#5285,1.0);
#4362=CARTESIAN_POINT('',(2.75545529808154E-18,0.9055,0.015));
#4363=VECTOR('',#5286,1.0);
#4364=CARTESIAN_POINT('',(2.75545529808154E-18,0.976,0.015));
#4365=VECTOR('',#5287,1.0);
#4366=CARTESIAN_POINT('',(-0.04,1.453,7.34788079488412E-18));
#4367=VECTOR('',#5288,1.0);
#4368=CARTESIAN_POINT('',(-0.045,1.453,0.01));
#4369=VECTOR('',#5289,1.0);
#4370=CARTESIAN_POINT('',(-0.04,1.483,0.005));
#4371=VECTOR('',#5290,1.0);
#4372=CARTESIAN_POINT('',(-0.05,1.483,0.01));
#4373=VECTOR('',#5291,1.0);
#4374=CARTESIAN_POINT('',(-0.035,1.47630662386292,0.015));
#4375=VECTOR('',#5292,1.0);
#4376=CARTESIAN_POINT('',(-0.035,1.478,7.75513228052352E-18));
#4377=VECTOR('',#5293,1.0);
#4378=CARTESIAN_POINT('',(2.75545529808154E-18,1.478,0.015));
#4379=VECTOR('',#5294,1.0);
#4380=CARTESIAN_POINT('',(2.75545529808154E-18,1.458,0.015));
#4381=VECTOR('',#5295,1.0);
#4382=CARTESIAN_POINT('',(-0.04,1.703,7.34788079488412E-18));
#4383=VECTOR('',#5296,1.0);
#4384=CARTESIAN_POINT('',(-0.045,1.703,0.01));
#4385=VECTOR('',#5297,1.0);
#4386=CARTESIAN_POINT('',(-0.04,1.733,0.005));
#4387=VECTOR('',#5298,1.0);
#4388=CARTESIAN_POINT('',(-0.05,1.733,0.01));
#4389=VECTOR('',#5299,1.0);
#4390=CARTESIAN_POINT('',(-0.035,1.728,7.75513228052352E-18));
#4391=VECTOR('',#5300,1.0);
#4392=CARTESIAN_POINT('',(-0.035,1.72630662386292,0.015));
#4393=VECTOR('',#5301,1.0);
#4394=CARTESIAN_POINT('',(-0.045,1.728,0.015));
#4395=VECTOR('',#5302,1.0);
#4396=CARTESIAN_POINT('',(-0.05,1.708,0.015));
#4397=VECTOR('',#5303,1.0);
#4398=DIRECTION('',(1.0,-0.0,-0.0));
#4399=CARTESIAN_POINT('',(-0.05,1.718,0.035));
#4400=DIRECTION('',(-1.0,0.0,0.0));
#4401=DIRECTION('',(0.0,0.0,1.0));
#4402=DIRECTION('',(-1.0,0.0,-0.0));
#4403=CARTESIAN_POINT('',(-0.045,1.718,0.035));
#4404=DIRECTION('',(-1.0,-0.0,0.0));
#4405=DIRECTION('',(0.0,0.0,1.0));
#4406=DIRECTION('',(1.73472347597701E-16,-0.0,1.0));
#4407=CARTESIAN_POINT('',(0.0300000000000017,0.9225,-5.51091059616341E-18));
#4408=DIRECTION('',(-1.83697019872103E-16,0.0,-1.0));
#4409=DIRECTION('',(-1.0,0.0,1.83697019872103E-16));
#4410=DIRECTION('',(1.83697019872103E-16,-0.0,1.0));
#4411=CARTESIAN_POINT('',(0.0300000000000017,0.9225,0.00499999999999999));
#4412=DIRECTION('',(-1.73472347597701E-16,0.0,-1.0));
#4413=DIRECTION('',(-1.0,0.0,1.73472347597701E-16));
#4414=DIRECTION('',(1.73472347597681E-16,-0.0,1.0));
#4415=CARTESIAN_POINT('',(0.0320000000000017,0.959,-5.87830463590761E-18));
#4416=DIRECTION('',(-1.83697019872103E-16,0.0,-1.0));
#4417=DIRECTION('',(-1.0,0.0,1.83697019872103E-16));
#4418=DIRECTION('',(1.83697019872103E-16,-0.0,1.0));
#4419=CARTESIAN_POINT('',(0.0320000000000017,0.959,0.00499999999999999));
#4420=DIRECTION('',(-1.73472347597681E-16,0.0,-1.0));
#4421=DIRECTION('',(-1.0,0.0,1.73472347597681E-16));
#4422=DIRECTION('',(0.0,-0.0,-1.0));
#4423=CARTESIAN_POINT('',(-3.03895376543438E-16,0.195,0.00499999999999999));
#4424=DIRECTION('',(-1.84218422227665E-16,2.04910761146682E-33,-1.0));
#4425=DIRECTION('',(1.0,-3.92999300752353E-15,-1.84218422227665E-16));
#4426=DIRECTION('',(-0.0,-0.0,1.0));
#4427=CARTESIAN_POINT('',(-3.03895376543438E-16,0.195,-1.73472347597681E-17));
#4428=DIRECTION('',(0.0,0.0,-1.0));
#4429=DIRECTION('',(1.0,0.0,0.0));
#4430=DIRECTION('',(-0.0,0.0,1.0));
#4431=CARTESIAN_POINT('',(5.92320171441889E-15,0.195,-1.73472347597681E-17));
#4432=DIRECTION('',(0.0,0.0,1.0));
#4433=DIRECTION('',(1.0,0.0,0.0));
#4434=DIRECTION('',(-0.0,-0.0,1.0));
#4435=CARTESIAN_POINT('',(5.92320171441889E-15,0.195,0.00499999999999999));
#4436=DIRECTION('',(1.72038691832411E-16,-0.0,1.0));
#4437=DIRECTION('',(1.0,0.0,-1.72038691832411E-16));
#4438=DIRECTION('',(0.0,-0.0,-1.0));
#4439=CARTESIAN_POINT('',(1.46226802221639E-14,0.6175,0.00499999999999999));
#4440=DIRECTION('',(-1.84218422227625E-16,0.0,-1.0));
#4441=DIRECTION('',(1.0,0.0,-1.84218422227625E-16));
#4442=DIRECTION('',(-0.0,-0.0,1.0));
#4443=CARTESIAN_POINT('',(1.46226802221639E-14,0.6175,-1.73472347597681E-17));
#4444=DIRECTION('',(0.0,0.0,-1.0));
#4445=DIRECTION('',(1.0,0.0,0.0));
#4446=DIRECTION('',(-0.0,0.0,1.0));
#4447=CARTESIAN_POINT('',(1.46226802221639E-14,0.6175,-1.73472347597681E-17));
#4448=DIRECTION('',(0.0,0.0,1.0));
#4449=DIRECTION('',(1.0,0.0,0.0));
#4450=DIRECTION('',(-0.0,-0.0,1.0));
#4451=CARTESIAN_POINT('',(1.46226802221639E-14,0.6175,0.00499999999999999));
#4452=DIRECTION('',(1.72038691832411E-16,-0.0,1.0));
#4453=DIRECTION('',(1.0,0.0,-1.72038691832411E-16));
#4454=DIRECTION('',(-0.0,-0.0,-1.0));
#4455=CARTESIAN_POINT('',(0.01,1.193,0.00499999999999999));
#4456=DIRECTION('',(0.0,-0.0,1.0));
#4457=DIRECTION('',(1.0,0.0,0.0));
#4458=DIRECTION('',(-0.0,0.0,1.0));
#4459=CARTESIAN_POINT('',(0.01,1.193,-1.12757025938492E-17));
#4460=DIRECTION('',(1.83697019872103E-16,-0.0,1.0));
#4461=DIRECTION('',(1.0,0.0,-1.83697019872103E-16));
#4462=DIRECTION('',(-0.0,-0.0,-1.0));
#4463=CARTESIAN_POINT('',(0.01,1.178,0.00499999999999999));
#4464=DIRECTION('',(0.0,-0.0,1.0));
#4465=DIRECTION('',(1.0,0.0,0.0));
#4466=DIRECTION('',(-0.0,0.0,1.0));
#4467=CARTESIAN_POINT('',(0.01,1.178,-1.12757025938492E-17));
#4468=DIRECTION('',(1.83697019872103E-16,-0.0,1.0));
#4469=DIRECTION('',(1.0,0.0,-1.83697019872103E-16));
#4470=DIRECTION('',(-0.0,-0.0,-1.0));
#4471=CARTESIAN_POINT('',(0.01,1.163,0.00499999999999999));
#4472=DIRECTION('',(0.0,-0.0,1.0));
#4473=DIRECTION('',(1.0,0.0,0.0));
#4474=DIRECTION('',(-0.0,0.0,1.0));
#4475=CARTESIAN_POINT('',(0.01,1.163,-1.12757025938492E-17));
#4476=DIRECTION('',(1.83697019872103E-16,-0.0,1.0));
#4477=DIRECTION('',(1.0,0.0,-1.83697019872103E-16));
#4478=DIRECTION('',(-0.0,-0.0,-1.0));
#4479=CARTESIAN_POINT('',(0.01,1.474,0.00499999999999999));
#4480=DIRECTION('',(0.0,-0.0,1.0));
#4481=DIRECTION('',(1.0,0.0,0.0));
#4482=DIRECTION('',(-0.0,0.0,1.0));
#4483=CARTESIAN_POINT('',(0.01,1.474,-1.12757025938492E-17));
#4484=DIRECTION('',(1.83697019872103E-16,-0.0,1.0));
#4485=DIRECTION('',(1.0,0.0,-1.83697019872103E-16));
#4486=DIRECTION('',(1.0,-0.0,-0.0));
#4487=CARTESIAN_POINT('',(-0.05,1.049,0.0249999999999999));
#4488=DIRECTION('',(-1.0,-0.0,0.0));
#4489=DIRECTION('',(0.0,0.0,1.0));
#4490=DIRECTION('',(-1.0,0.0,-0.0));
#4491=CARTESIAN_POINT('',(-0.045,1.049,0.0249999999999999));
#4492=DIRECTION('',(1.0,-0.0,0.0));
#4493=DIRECTION('',(0.0,0.0,-1.0));
#4494=DIRECTION('',(1.0,-0.0,-0.0));
#4495=CARTESIAN_POINT('',(-0.05,0.869,0.0249999999999999));
#4496=DIRECTION('',(-1.0,-0.0,0.0));
#4497=DIRECTION('',(0.0,0.0,1.0));
#4498=DIRECTION('',(-1.0,0.0,-0.0));
#4499=CARTESIAN_POINT('',(-0.045,0.869,0.0249999999999999));
#4500=DIRECTION('',(1.0,-0.0,0.0));
#4501=DIRECTION('',(0.0,0.0,-1.0));
#4502=DIRECTION('',(1.0,-0.0,-0.0));
#4503=CARTESIAN_POINT('',(-0.05,1.327,0.03));
#4504=DIRECTION('',(-1.0,-0.0,0.0));
#4505=DIRECTION('',(0.0,0.0,1.0));
#4506=DIRECTION('',(-1.0,0.0,-0.0));
#4507=CARTESIAN_POINT('',(-0.045,1.327,0.03));
#4508=DIRECTION('',(1.0,-0.0,0.0));
#4509=DIRECTION('',(0.0,0.0,-1.0));
#4510=DIRECTION('',(-0.0,-0.0,-1.0));
#4511=CARTESIAN_POINT('',(0.0320000000000017,0.959,0.00499999999999999));
#4512=DIRECTION('',(0.0,-0.0,1.0));
#4513=DIRECTION('',(1.0,0.0,0.0));
#4514=DIRECTION('',(-0.0,0.0,1.0));
#4515=CARTESIAN_POINT('',(0.0320000000000017,0.959,-1.47451495458029E-17));
#4516=DIRECTION('',(1.83697019872103E-16,-0.0,1.0));
#4517=DIRECTION('',(1.0,0.0,-1.83697019872103E-16));
#4518=DIRECTION('',(-0.0,-0.0,-1.0));
#4519=CARTESIAN_POINT('',(5.92320171441889E-15,0.195,0.00499999999999999));
#4520=DIRECTION('',(1.72038691832411E-16,-0.0,1.0));
#4521=DIRECTION('',(1.0,0.0,-1.72038691832411E-16));
#4522=DIRECTION('',(-0.0,-0.0,1.0));
#4523=CARTESIAN_POINT('',(5.92320171441889E-15,0.195,-1.73472347597681E-17));
#4524=DIRECTION('',(0.0,0.0,1.0));
#4525=DIRECTION('',(1.0,0.0,0.0));
#4526=DIRECTION('',(-0.0,0.0,1.0));
#4527=CARTESIAN_POINT('',(-3.03895376543438E-16,0.195,-1.73472347597681E-17));
#4528=DIRECTION('',(0.0,0.0,-1.0));
#4529=DIRECTION('',(1.0,0.0,0.0));
#4530=DIRECTION('',(-0.0,-0.0,1.0));
#4531=CARTESIAN_POINT('',(-3.03895376543438E-16,0.195,0.00499999999999999));
#4532=DIRECTION('',(-1.84218422227586E-16,0.0,-1.0));
#4533=DIRECTION('',(1.0,0.0,-1.84218422227586E-16));
#4534=DIRECTION('',(-0.0,-0.0,-1.0));
#4535=CARTESIAN_POINT('',(1.46226802221639E-14,0.6175,0.00499999999999999));
#4536=DIRECTION('',(1.72038691832411E-16,-0.0,1.0));
#4537=DIRECTION('',(1.0,0.0,-1.72038691832411E-16));
#4538=DIRECTION('',(-0.0,-0.0,1.0));
#4539=CARTESIAN_POINT('',(1.46226802221639E-14,0.6175,-1.73472347597681E-17));
#4540=DIRECTION('',(0.0,0.0,1.0));
#4541=DIRECTION('',(1.0,0.0,0.0));
#4542=DIRECTION('',(-0.0,0.0,1.0));
#4543=CARTESIAN_POINT('',(1.46226802221639E-14,0.6175,-1.73472347597681E-17));
#4544=DIRECTION('',(0.0,0.0,-1.0));
#4545=DIRECTION('',(1.0,0.0,0.0));
#4546=DIRECTION('',(-0.0,-0.0,1.0));
#4547=CARTESIAN_POINT('',(1.46226802221639E-14,0.6175,0.00499999999999999));
#4548=DIRECTION('',(-1.84218422227626E-16,-8.19643044523788E-33,-1.0));
#4549=DIRECTION('',(1.0,1.57199720300907E-14,-1.84218422227626E-16));
#4550=DIRECTION('',(2.04085114820803E-16,-0.0,1.0));
#4551=CARTESIAN_POINT('',(0.0275,0.8005,-5.05166804648283E-18));
#4552=DIRECTION('',(-1.83697019872103E-16,0.0,-1.0));
#4553=DIRECTION('',(-1.0,0.0,1.83697019872103E-16));
#4554=DIRECTION('',(-2.04085114820803E-16,0.0,-1.0));
#4555=CARTESIAN_POINT('',(0.0275,0.8005,0.00499999999999999));
#4556=DIRECTION('',(-2.04085114820803E-16,0.0,-1.0));
#4557=DIRECTION('',(-1.0,0.0,2.04085114820803E-16));
#4558=DIRECTION('',(2.04085114820803E-16,-0.0,1.0));
#4559=CARTESIAN_POINT('',(-0.0275,0.8005,5.05166804648283E-18));
#4560=DIRECTION('',(-1.83697019872103E-16,0.0,-1.0));
#4561=DIRECTION('',(-1.0,0.0,1.83697019872103E-16));
#4562=DIRECTION('',(-2.04085114820803E-16,0.0,-1.0));
#4563=CARTESIAN_POINT('',(-0.0275,0.8005,0.005));
#4564=DIRECTION('',(-2.04085114820803E-16,0.0,-1.0));
#4565=DIRECTION('',(-1.0,0.0,2.04085114820803E-16));
#4566=DIRECTION('',(1.0,-0.0,-0.0));
#4567=CARTESIAN_POINT('',(-0.05,1.115,0.026));
#4568=DIRECTION('',(-1.0,0.0,0.0));
#4569=DIRECTION('',(0.0,0.0,1.0));
#4570=DIRECTION('',(-1.0,0.0,-0.0));
#4571=CARTESIAN_POINT('',(-0.045,1.115,0.026));
#4572=DIRECTION('',(-1.0,0.0,0.0));
#4573=DIRECTION('',(0.0,0.0,1.0));
#4574=DIRECTION('',(1.0,-0.0,-0.0));
#4575=CARTESIAN_POINT('',(-0.05,1.285,0.026));
#4576=DIRECTION('',(-1.0,0.0,0.0));
#4577=DIRECTION('',(0.0,0.0,1.0));
#4578=DIRECTION('',(-1.0,0.0,-0.0));
#4579=CARTESIAN_POINT('',(-0.045,1.285,0.026));
#4580=DIRECTION('',(-1.0,0.0,0.0));
#4581=DIRECTION('',(0.0,0.0,1.0));
#4582=DIRECTION('',(-1.0,-0.0,0.0));
#4583=CARTESIAN_POINT('',(0.05,0.0799999999999999,0.05287));
#4584=DIRECTION('',(1.0,-0.0,0.0));
#4585=DIRECTION('',(0.0,0.0,-1.0));
#4586=DIRECTION('',(1.0,0.0,0.0));
#4587=CARTESIAN_POINT('',(0.045,0.0799999999999999,0.05287));
#4588=DIRECTION('',(-1.0,0.0,0.0));
#4589=DIRECTION('',(0.0,0.0,1.0));
#4590=DIRECTION('',(-1.0,-0.0,0.0));
#4591=CARTESIAN_POINT('',(-0.045,0.0799999999999999,0.05287));
#4592=DIRECTION('',(1.0,-0.0,0.0));
#4593=DIRECTION('',(0.0,0.0,-1.0));
#4594=DIRECTION('',(1.0,0.0,0.0));
#4595=CARTESIAN_POINT('',(-0.05,0.0799999999999999,0.05287));
#4596=DIRECTION('',(1.0,-0.0,0.0));
#4597=DIRECTION('',(0.0,0.0,-1.0));
#4598=DIRECTION('',(-1.0,-0.0,0.0));
#4599=CARTESIAN_POINT('',(0.05,0.54075,0.05287));
#4600=DIRECTION('',(1.0,-0.0,0.0));
#4601=DIRECTION('',(0.0,0.0,-1.0));
#4602=DIRECTION('',(1.0,0.0,0.0));
#4603=CARTESIAN_POINT('',(0.045,0.54075,0.05287));
#4604=DIRECTION('',(-1.0,0.0,0.0));
#4605=DIRECTION('',(0.0,0.0,1.0));
#4606=DIRECTION('',(-1.0,-0.0,0.0));
#4607=CARTESIAN_POINT('',(-0.045,0.54075,0.05287));
#4608=DIRECTION('',(1.0,-0.0,0.0));
#4609=DIRECTION('',(0.0,0.0,-1.0));
#4610=DIRECTION('',(1.0,0.0,0.0));
#4611=CARTESIAN_POINT('',(-0.05,0.54075,0.05287));
#4612=DIRECTION('',(1.0,-0.0,0.0));
#4613=DIRECTION('',(0.0,0.0,-1.0));
#4614=DIRECTION('',(-1.0,-0.0,0.0));
#4615=CARTESIAN_POINT('',(0.05,1.0065,0.05287));
#4616=DIRECTION('',(1.0,-0.0,0.0));
#4617=DIRECTION('',(0.0,0.0,-1.0));
#4618=DIRECTION('',(1.0,0.0,0.0));
#4619=CARTESIAN_POINT('',(0.045,1.0065,0.05287));
#4620=DIRECTION('',(-1.0,0.0,0.0));
#4621=DIRECTION('',(0.0,0.0,1.0));
#4622=DIRECTION('',(-1.0,-0.0,0.0));
#4623=CARTESIAN_POINT('',(-0.045,1.0065,0.05287));
#4624=DIRECTION('',(1.0,-0.0,0.0));
#4625=DIRECTION('',(0.0,0.0,-1.0));
#4626=DIRECTION('',(1.0,0.0,0.0));
#4627=CARTESIAN_POINT('',(-0.05,1.0065,0.05287));
#4628=DIRECTION('',(1.0,-0.0,0.0));
#4629=DIRECTION('',(0.0,0.0,-1.0));
#4630=DIRECTION('',(-1.0,-0.0,0.0));
#4631=CARTESIAN_POINT('',(-0.045,1.47225,0.05287));
#4632=DIRECTION('',(1.0,-0.0,0.0));
#4633=DIRECTION('',(0.0,0.0,-1.0));
#4634=DIRECTION('',(1.0,0.0,0.0));
#4635=CARTESIAN_POINT('',(-0.05,1.47225,0.05287));
#4636=DIRECTION('',(1.0,-0.0,0.0));
#4637=DIRECTION('',(0.0,0.0,-1.0));
#4638=DIRECTION('',(-1.0,-0.0,0.0));
#4639=CARTESIAN_POINT('',(0.05,1.47225,0.05287));
#4640=DIRECTION('',(1.0,-0.0,0.0));
#4641=DIRECTION('',(0.0,0.0,-1.0));
#4642=DIRECTION('',(1.0,0.0,0.0));
#4643=CARTESIAN_POINT('',(0.045,1.47225,0.05287));
#4644=DIRECTION('',(-1.0,0.0,0.0));
#4645=DIRECTION('',(0.0,0.0,1.0));
#4646=DIRECTION('',(-1.0,-0.0,0.0));
#4647=CARTESIAN_POINT('',(0.05,1.953,0.05287));
#4648=DIRECTION('',(1.0,-0.0,0.0));
#4649=DIRECTION('',(0.0,0.0,-1.0));
#4650=DIRECTION('',(1.0,0.0,0.0));
#4651=CARTESIAN_POINT('',(0.045,1.953,0.05287));
#4652=DIRECTION('',(-1.0,0.0,0.0));
#4653=DIRECTION('',(0.0,0.0,1.0));
#4654=DIRECTION('',(-1.0,-0.0,0.0));
#4655=CARTESIAN_POINT('',(-0.045,1.953,0.05287));
#4656=DIRECTION('',(1.0,-0.0,0.0));
#4657=DIRECTION('',(0.0,0.0,-1.0));
#4658=DIRECTION('',(1.0,0.0,0.0));
#4659=CARTESIAN_POINT('',(-0.05,1.953,0.05287));
#4660=DIRECTION('',(1.0,-0.0,0.0));
#4661=DIRECTION('',(0.0,0.0,-1.0));
#4662=DIRECTION('',(-0.0,-0.0,-1.0));
#4663=CARTESIAN_POINT('',(-0.03,1.468,0.00499999999999999));
#4664=DIRECTION('',(0.0,0.0,1.0));
#4665=DIRECTION('',(1.0,0.0,0.0));
#4666=DIRECTION('',(-0.0,0.0,1.0));
#4667=CARTESIAN_POINT('',(-0.03,1.468,-9.54097911787244E-18));
#4668=DIRECTION('',(0.0,0.0,1.0));
#4669=DIRECTION('',(1.0,0.0,0.0));
#4670=DIRECTION('',(-0.0,-0.0,-1.0));
#4671=CARTESIAN_POINT('',(-0.03,1.718,0.00499999999999999));
#4672=DIRECTION('',(0.0,0.0,1.0));
#4673=DIRECTION('',(1.0,0.0,0.0));
#4674=DIRECTION('',(-0.0,0.0,1.0));
#4675=CARTESIAN_POINT('',(-0.03,1.718,-9.54097911787244E-18));
#4676=DIRECTION('',(0.0,0.0,1.0));
#4677=DIRECTION('',(1.0,0.0,0.0));
#4678=DIRECTION('',(-2.16840434497103E-16,0.0,-1.0));
#4679=CARTESIAN_POINT('',(-0.03,1.468,0.005));
#4680=DIRECTION('',(-2.16840434497103E-16,0.0,-1.0));
#4681=DIRECTION('',(-1.0,0.0,2.16840434497103E-16));
#4682=DIRECTION('',(-1.83697019872103E-16,0.0,-1.0));
#4683=CARTESIAN_POINT('',(-0.03,1.468,5.51091059616309E-18));
#4684=DIRECTION('',(-1.83697019872103E-16,0.0,-1.0));
#4685=DIRECTION('',(-1.0,0.0,1.83697019872103E-16));
#4686=DIRECTION('',(-2.16840434497099E-16,0.0,-1.0));
#4687=CARTESIAN_POINT('',(-0.03,1.718,0.005));
#4688=DIRECTION('',(-2.16840434497099E-16,0.0,-1.0));
#4689=DIRECTION('',(-1.0,0.0,2.16840434497099E-16));
#4690=DIRECTION('',(-1.83697019872103E-16,0.0,-1.0));
#4691=CARTESIAN_POINT('',(-0.03,1.718,5.51091059616309E-18));
#4692=DIRECTION('',(-1.83697019872103E-16,0.0,-1.0));
#4693=DIRECTION('',(-1.0,0.0,1.83697019872103E-16));
#4694=DIRECTION('',(1.70070929017333E-16,-0.0,1.0));
#4695=CARTESIAN_POINT('',(0.0300000000000017,0.9225,-5.51091059616341E-18));
#4696=DIRECTION('',(-1.83697019872103E-16,0.0,-1.0));
#4697=DIRECTION('',(-1.0,0.0,1.83697019872103E-16));
#4698=DIRECTION('',(-1.70070929017333E-16,0.0,-1.0));
#4699=CARTESIAN_POINT('',(0.0300000000000017,0.9225,0.00499999999999999));
#4700=DIRECTION('',(-1.70070929017333E-16,0.0,-1.0));
#4701=DIRECTION('',(-1.0,0.0,1.70070929017333E-16));
#4702=DIRECTION('',(2.040851148208E-16,-0.0,1.0));
#4703=CARTESIAN_POINT('',(1.21175398427743E-16,1.85399999999998,-2.22595595729912E-32));
#4704=DIRECTION('',(-1.83697019872103E-16,0.0,-1.0));
#4705=DIRECTION('',(-1.0,0.0,1.83697019872103E-16));
#4706=DIRECTION('',(-2.040851148208E-16,0.0,-1.0));
#4707=CARTESIAN_POINT('',(1.22093883527104E-16,1.85399999999998,0.005));
#4708=DIRECTION('',(-2.040851148208E-16,0.0,-1.0));
#4709=DIRECTION('',(-1.0,0.0,2.040851148208E-16));
#4710=DIRECTION('',(2.040851148208E-16,-0.0,1.0));
#4711=CARTESIAN_POINT('',(1.04077963848516E-16,1.94199999999998,-1.91188117933288E-32));
#4712=DIRECTION('',(-1.83697019872103E-16,0.0,-1.0));
#4713=DIRECTION('',(-1.0,0.0,1.83697019872103E-16));
#4714=DIRECTION('',(-2.040851148208E-16,0.0,-1.0));
#4715=CARTESIAN_POINT('',(1.04996448947876E-16,1.94199999999998,0.005));
#4716=DIRECTION('',(-2.040851148208E-16,0.0,-1.0));
#4717=DIRECTION('',(-1.0,0.0,2.040851148208E-16));
#4718=DIRECTION('',(-1.0,-0.0,0.0));
#4719=CARTESIAN_POINT('',(-0.042,1.80550000000001,0.035));
#4720=DIRECTION('',(1.0,0.0,0.0));
#4721=DIRECTION('',(0.0,-1.0,-0.0));
#4722=DIRECTION('',(1.0,0.0,0.0));
#4723=CARTESIAN_POINT('',(-0.05,1.80550000000001,0.035));
#4724=DIRECTION('',(1.0,0.0,0.0));
#4725=DIRECTION('',(0.0,0.0,-1.0));
#4726=DIRECTION('',(-1.0,-0.0,0.0));
#4727=CARTESIAN_POINT('',(-0.045,1.78550000000001,0.035));
#4728=DIRECTION('',(1.0,0.0,0.0));
#4729=DIRECTION('',(0.0,0.0,-1.0));
#4730=DIRECTION('',(1.0,0.0,0.0));
#4731=CARTESIAN_POINT('',(-0.05,1.78550000000001,0.035));
#4732=DIRECTION('',(1.0,0.0,0.0));
#4733=DIRECTION('',(0.0,0.0,-1.0));
#4734=DIRECTION('',(-0.992277876713667,0.0,0.124034734589212));
#4735=CARTESIAN_POINT('',(-0.042,1.80550000000001,0.035));
#4736=DIRECTION('',(1.0,0.0,-0.0));
#4737=DIRECTION('',(0.0,0.0,1.0));
#4738=DIRECTION('',(0.992277876713667,-0.0,0.124034734589212));
#4739=CARTESIAN_POINT('',(-0.045,1.80550000000001,0.035));
#4740=DIRECTION('',(-1.0,-0.0,0.0));
#4741=DIRECTION('',(0.0,0.0,1.0));
#4742=CARTESIAN_POINT('',(-0.045,1.80550000000001,0.035));
#4743=DIRECTION('',(-1.0,-0.0,0.0));
#4744=DIRECTION('',(0.0,0.0,1.0));
#4745=CARTESIAN_POINT('',(-0.042,1.80550000000001,0.035));
#4746=DIRECTION('',(1.0,0.0,-0.0));
#4747=DIRECTION('',(0.0,0.0,1.0));
#4748=CARTESIAN_POINT('',(-0.05,1.78550000000001,0.035));
#4749=DIRECTION('',(1.0,0.0,0.0));
#4750=DIRECTION('',(0.0,0.0,-1.0));
#4751=CARTESIAN_POINT('',(-0.045,1.78550000000001,0.035));
#4752=DIRECTION('',(1.0,0.0,0.0));
#4753=DIRECTION('',(0.0,0.0,-1.0));
#4754=CARTESIAN_POINT('',(-0.05,1.80550000000001,0.035));
#4755=DIRECTION('',(1.0,0.0,0.0));
#4756=DIRECTION('',(0.0,0.0,-1.0));
#4757=CARTESIAN_POINT('',(-0.042,1.80550000000001,0.035));
#4758=DIRECTION('',(1.0,0.0,0.0));
#4759=DIRECTION('',(0.0,-1.0,-0.0));
#4760=CARTESIAN_POINT('',(1.04996448947876E-16,1.94199999999998,0.005));
#4761=DIRECTION('',(-2.040851148208E-16,0.0,-1.0));
#4762=DIRECTION('',(-1.0,0.0,2.040851148208E-16));
#4763=CARTESIAN_POINT('',(1.04077963848516E-16,1.94199999999998,-1.91188117933288E-32));
#4764=DIRECTION('',(-1.83697019872103E-16,0.0,-1.0));
#4765=DIRECTION('',(-1.0,0.0,1.83697019872103E-16));
#4766=CARTESIAN_POINT('',(1.22093883527104E-16,1.85399999999998,0.005));
#4767=DIRECTION('',(-2.040851148208E-16,0.0,-1.0));
#4768=DIRECTION('',(-1.0,0.0,2.040851148208E-16));
#4769=CARTESIAN_POINT('',(1.21175398427743E-16,1.85399999999998,-2.22595595729912E-32));
#4770=DIRECTION('',(-1.83697019872103E-16,0.0,-1.0));
#4771=DIRECTION('',(-1.0,0.0,1.83697019872103E-16));
#4772=CARTESIAN_POINT('',(0.0300000000000017,0.9225,0.00499999999999999));
#4773=DIRECTION('',(-1.70070929017333E-16,0.0,-1.0));
#4774=DIRECTION('',(-1.0,0.0,1.70070929017333E-16));
#4775=CARTESIAN_POINT('',(0.0300000000000017,0.9225,-5.51091059616341E-18));
#4776=DIRECTION('',(-1.83697019872103E-16,0.0,-1.0));
#4777=DIRECTION('',(-1.0,0.0,1.83697019872103E-16));
#4778=CARTESIAN_POINT('',(-0.03,1.718,5.51091059616309E-18));
#4779=DIRECTION('',(-1.83697019872103E-16,0.0,-1.0));
#4780=DIRECTION('',(-1.0,0.0,1.83697019872103E-16));
#4781=DIRECTION('',(1.83697019872103E-16,-0.0,1.0));
#4782=CARTESIAN_POINT('',(-0.03,1.718,0.005));
#4783=DIRECTION('',(-2.16840434497099E-16,0.0,-1.0));
#4784=DIRECTION('',(-1.0,0.0,2.16840434497099E-16));
#4785=CARTESIAN_POINT('',(-0.03,1.468,5.51091059616309E-18));
#4786=DIRECTION('',(-1.83697019872103E-16,0.0,-1.0));
#4787=DIRECTION('',(-1.0,0.0,1.83697019872103E-16));
#4788=DIRECTION('',(1.83697019872103E-16,-0.0,1.0));
#4789=CARTESIAN_POINT('',(-0.03,1.468,0.005));
#4790=DIRECTION('',(-2.16840434497103E-16,0.0,-1.0));
#4791=DIRECTION('',(-1.0,0.0,2.16840434497103E-16));
#4792=CARTESIAN_POINT('',(-0.03,1.718,-9.54097911787244E-18));
#4793=DIRECTION('',(0.0,0.0,1.0));
#4794=DIRECTION('',(1.0,0.0,0.0));
#4795=CARTESIAN_POINT('',(-0.03,1.718,0.00499999999999999));
#4796=DIRECTION('',(0.0,0.0,1.0));
#4797=DIRECTION('',(1.0,0.0,0.0));
#4798=CARTESIAN_POINT('',(-0.03,1.468,-9.54097911787244E-18));
#4799=DIRECTION('',(0.0,0.0,1.0));
#4800=DIRECTION('',(1.0,0.0,0.0));
#4801=CARTESIAN_POINT('',(-0.03,1.468,0.00499999999999999));
#4802=DIRECTION('',(0.0,0.0,1.0));
#4803=DIRECTION('',(1.0,0.0,0.0));
#4804=CARTESIAN_POINT('',(-0.05,1.953,0.05287));
#4805=DIRECTION('',(1.0,-0.0,0.0));
#4806=DIRECTION('',(0.0,0.0,-1.0));
#4807=CARTESIAN_POINT('',(-0.045,1.953,0.05287));
#4808=DIRECTION('',(1.0,-0.0,0.0));
#4809=DIRECTION('',(0.0,0.0,-1.0));
#4810=CARTESIAN_POINT('',(0.045,1.953,0.05287));
#4811=DIRECTION('',(-1.0,0.0,0.0));
#4812=DIRECTION('',(0.0,0.0,1.0));
#4813=CARTESIAN_POINT('',(0.05,1.953,0.05287));
#4814=DIRECTION('',(1.0,-0.0,0.0));
#4815=DIRECTION('',(0.0,0.0,-1.0));
#4816=CARTESIAN_POINT('',(0.045,1.47225,0.05287));
#4817=DIRECTION('',(-1.0,0.0,0.0));
#4818=DIRECTION('',(0.0,0.0,1.0));
#4819=CARTESIAN_POINT('',(0.05,1.47225,0.05287));
#4820=DIRECTION('',(1.0,-0.0,0.0));
#4821=DIRECTION('',(0.0,0.0,-1.0));
#4822=CARTESIAN_POINT('',(-0.05,1.47225,0.05287));
#4823=DIRECTION('',(1.0,-0.0,0.0));
#4824=DIRECTION('',(0.0,0.0,-1.0));
#4825=CARTESIAN_POINT('',(-0.045,1.47225,0.05287));
#4826=DIRECTION('',(1.0,-0.0,0.0));
#4827=DIRECTION('',(0.0,0.0,-1.0));
#4828=CARTESIAN_POINT('',(-0.05,1.0065,0.05287));
#4829=DIRECTION('',(1.0,-0.0,0.0));
#4830=DIRECTION('',(0.0,0.0,-1.0));
#4831=CARTESIAN_POINT('',(-0.045,1.0065,0.05287));
#4832=DIRECTION('',(1.0,-0.0,0.0));
#4833=DIRECTION('',(0.0,0.0,-1.0));
#4834=CARTESIAN_POINT('',(0.045,1.0065,0.05287));
#4835=DIRECTION('',(-1.0,0.0,0.0));
#4836=DIRECTION('',(0.0,0.0,1.0));
#4837=CARTESIAN_POINT('',(0.05,1.0065,0.05287));
#4838=DIRECTION('',(1.0,-0.0,0.0));
#4839=DIRECTION('',(0.0,0.0,-1.0));
#4840=CARTESIAN_POINT('',(-0.05,0.54075,0.05287));
#4841=DIRECTION('',(1.0,-0.0,0.0));
#4842=DIRECTION('',(0.0,0.0,-1.0));
#4843=CARTESIAN_POINT('',(-0.045,0.54075,0.05287));
#4844=DIRECTION('',(1.0,-0.0,0.0));
#4845=DIRECTION('',(0.0,0.0,-1.0));
#4846=CARTESIAN_POINT('',(0.045,0.54075,0.05287));
#4847=DIRECTION('',(-1.0,0.0,0.0));
#4848=DIRECTION('',(0.0,0.0,1.0));
#4849=CARTESIAN_POINT('',(0.05,0.54075,0.05287));
#4850=DIRECTION('',(1.0,-0.0,0.0));
#4851=DIRECTION('',(0.0,0.0,-1.0));
#4852=CARTESIAN_POINT('',(-0.05,0.0799999999999999,0.05287));
#4853=DIRECTION('',(1.0,-0.0,0.0));
#4854=DIRECTION('',(0.0,0.0,-1.0));
#4855=CARTESIAN_POINT('',(-0.045,0.0799999999999999,0.05287));
#4856=DIRECTION('',(1.0,-0.0,0.0));
#4857=DIRECTION('',(0.0,0.0,-1.0));
#4858=CARTESIAN_POINT('',(0.045,0.0799999999999999,0.05287));
#4859=DIRECTION('',(-1.0,0.0,0.0));
#4860=DIRECTION('',(0.0,0.0,1.0));
#4861=CARTESIAN_POINT('',(0.05,0.0799999999999999,0.05287));
#4862=DIRECTION('',(1.0,-0.0,0.0));
#4863=DIRECTION('',(0.0,0.0,-1.0));
#4864=CARTESIAN_POINT('',(-0.045,1.285,0.026));
#4865=DIRECTION('',(-1.0,0.0,0.0));
#4866=DIRECTION('',(0.0,0.0,1.0));
#4867=CARTESIAN_POINT('',(-0.05,1.285,0.026));
#4868=DIRECTION('',(-1.0,0.0,0.0));
#4869=DIRECTION('',(0.0,0.0,1.0));
#4870=CARTESIAN_POINT('',(-0.045,1.115,0.026));
#4871=DIRECTION('',(-1.0,0.0,0.0));
#4872=DIRECTION('',(0.0,0.0,1.0));
#4873=CARTESIAN_POINT('',(-0.05,1.115,0.026));
#4874=DIRECTION('',(-1.0,0.0,0.0));
#4875=DIRECTION('',(0.0,0.0,1.0));
#4876=CARTESIAN_POINT('',(-0.0275,0.8005,0.005));
#4877=DIRECTION('',(-2.04085114820803E-16,0.0,-1.0));
#4878=DIRECTION('',(-1.0,0.0,2.04085114820803E-16));
#4879=CARTESIAN_POINT('',(-0.0275,0.8005,5.05166804648283E-18));
#4880=DIRECTION('',(-1.83697019872103E-16,0.0,-1.0));
#4881=DIRECTION('',(-1.0,0.0,1.83697019872103E-16));
#4882=CARTESIAN_POINT('',(0.0275,0.8005,0.00499999999999999));
#4883=DIRECTION('',(-2.04085114820803E-16,0.0,-1.0));
#4884=DIRECTION('',(-1.0,0.0,2.04085114820803E-16));
#4885=CARTESIAN_POINT('',(0.0275,0.8005,-5.05166804648283E-18));
#4886=DIRECTION('',(-1.83697019872103E-16,0.0,-1.0));
#4887=DIRECTION('',(-1.0,0.0,1.83697019872103E-16));
#4888=CARTESIAN_POINT('',(1.46226802221639E-14,0.6175,0.00499999999999999));
#4889=DIRECTION('',(-1.84218422227626E-16,-8.19643044523788E-33,-1.0));
#4890=DIRECTION('',(1.0,1.57199720300907E-14,-1.84218422227626E-16));
#4891=DIRECTION('',(-0.0,-0.0,1.0));
#4892=CARTESIAN_POINT('',(1.46226802221639E-14,0.6175,-1.73472347597681E-17));
#4893=DIRECTION('',(0.0,0.0,-1.0));
#4894=DIRECTION('',(1.0,0.0,0.0));
#4895=CARTESIAN_POINT('',(1.46226802221639E-14,0.6175,-1.73472347597681E-17));
#4896=DIRECTION('',(0.0,0.0,1.0));
#4897=DIRECTION('',(1.0,0.0,0.0));
#4898=DIRECTION('',(-0.0,-0.0,1.0));
#4899=CARTESIAN_POINT('',(1.46226802221639E-14,0.6175,0.00499999999999999));
#4900=DIRECTION('',(1.72038691832411E-16,-0.0,1.0));
#4901=DIRECTION('',(1.0,0.0,-1.72038691832411E-16));
#4902=CARTESIAN_POINT('',(-3.03895376543438E-16,0.195,0.00499999999999999));
#4903=DIRECTION('',(-1.84218422227586E-16,0.0,-1.0));
#4904=DIRECTION('',(1.0,0.0,-1.84218422227586E-16));
#4905=DIRECTION('',(-0.0,-0.0,1.0));
#4906=CARTESIAN_POINT('',(-3.03895376543438E-16,0.195,-1.73472347597681E-17));
#4907=DIRECTION('',(0.0,0.0,-1.0));
#4908=DIRECTION('',(1.0,0.0,0.0));
#4909=CARTESIAN_POINT('',(5.92320171441889E-15,0.195,-1.73472347597681E-17));
#4910=DIRECTION('',(0.0,0.0,1.0));
#4911=DIRECTION('',(1.0,0.0,0.0));
#4912=DIRECTION('',(-0.0,-0.0,1.0));
#4913=CARTESIAN_POINT('',(5.92320171441889E-15,0.195,0.00499999999999999));
#4914=DIRECTION('',(1.72038691832411E-16,-0.0,1.0));
#4915=DIRECTION('',(1.0,0.0,-1.72038691832411E-16));
#4916=CARTESIAN_POINT('',(0.0320000000000017,0.959,-1.47451495458029E-17));
#4917=DIRECTION('',(1.83697019872103E-16,-0.0,1.0));
#4918=DIRECTION('',(1.0,0.0,-1.83697019872103E-16));
#4919=CARTESIAN_POINT('',(0.0320000000000017,0.959,0.00499999999999999));
#4920=DIRECTION('',(0.0,-0.0,1.0));
#4921=DIRECTION('',(1.0,0.0,0.0));
#4922=CARTESIAN_POINT('',(-0.045,1.327,0.03));
#4923=DIRECTION('',(1.0,-0.0,0.0));
#4924=DIRECTION('',(0.0,0.0,-1.0));
#4925=CARTESIAN_POINT('',(-0.05,1.327,0.03));
#4926=DIRECTION('',(-1.0,-0.0,0.0));
#4927=DIRECTION('',(0.0,0.0,1.0));
#4928=CARTESIAN_POINT('',(-0.045,0.869,0.0249999999999999));
#4929=DIRECTION('',(1.0,-0.0,0.0));
#4930=DIRECTION('',(0.0,0.0,-1.0));
#4931=CARTESIAN_POINT('',(-0.05,0.869,0.0249999999999999));
#4932=DIRECTION('',(-1.0,-0.0,0.0));
#4933=DIRECTION('',(0.0,0.0,1.0));
#4934=CARTESIAN_POINT('',(-0.045,1.049,0.0249999999999999));
#4935=DIRECTION('',(1.0,-0.0,0.0));
#4936=DIRECTION('',(0.0,0.0,-1.0));
#4937=CARTESIAN_POINT('',(-0.05,1.049,0.0249999999999999));
#4938=DIRECTION('',(-1.0,-0.0,0.0));
#4939=DIRECTION('',(0.0,0.0,1.0));
#4940=CARTESIAN_POINT('',(0.01,1.474,-1.12757025938492E-17));
#4941=DIRECTION('',(1.83697019872103E-16,-0.0,1.0));
#4942=DIRECTION('',(1.0,0.0,-1.83697019872103E-16));
#4943=CARTESIAN_POINT('',(0.01,1.474,0.00499999999999999));
#4944=DIRECTION('',(0.0,-0.0,1.0));
#4945=DIRECTION('',(1.0,0.0,0.0));
#4946=CARTESIAN_POINT('',(0.01,1.163,-1.12757025938492E-17));
#4947=DIRECTION('',(1.83697019872103E-16,-0.0,1.0));
#4948=DIRECTION('',(1.0,0.0,-1.83697019872103E-16));
#4949=CARTESIAN_POINT('',(0.01,1.163,0.00499999999999999));
#4950=DIRECTION('',(0.0,-0.0,1.0));
#4951=DIRECTION('',(1.0,0.0,0.0));
#4952=CARTESIAN_POINT('',(0.01,1.178,-1.12757025938492E-17));
#4953=DIRECTION('',(1.83697019872103E-16,-0.0,1.0));
#4954=DIRECTION('',(1.0,0.0,-1.83697019872103E-16));
#4955=CARTESIAN_POINT('',(0.01,1.178,0.00499999999999999));
#4956=DIRECTION('',(0.0,-0.0,1.0));
#4957=DIRECTION('',(1.0,0.0,0.0));
#4958=CARTESIAN_POINT('',(0.01,1.193,-1.12757025938492E-17));
#4959=DIRECTION('',(1.83697019872103E-16,-0.0,1.0));
#4960=DIRECTION('',(1.0,0.0,-1.83697019872103E-16));
#4961=CARTESIAN_POINT('',(0.01,1.193,0.00499999999999999));
#4962=DIRECTION('',(0.0,-0.0,1.0));
#4963=DIRECTION('',(1.0,0.0,0.0));
#4964=CARTESIAN_POINT('',(1.46226802221639E-14,0.6175,0.00499999999999999));
#4965=DIRECTION('',(1.72038691832411E-16,-0.0,1.0));
#4966=DIRECTION('',(1.0,0.0,-1.72038691832411E-16));
#4967=DIRECTION('',(-0.0,-0.0,1.0));
#4968=CARTESIAN_POINT('',(1.46226802221639E-14,0.6175,-1.73472347597681E-17));
#4969=DIRECTION('',(0.0,0.0,1.0));
#4970=DIRECTION('',(1.0,0.0,0.0));
#4971=CARTESIAN_POINT('',(1.46226802221639E-14,0.6175,-1.73472347597681E-17));
#4972=DIRECTION('',(0.0,0.0,-1.0));
#4973=DIRECTION('',(1.0,0.0,0.0));
#4974=DIRECTION('',(-0.0,-0.0,1.0));
#4975=CARTESIAN_POINT('',(1.46226802221639E-14,0.6175,0.00499999999999999));
#4976=DIRECTION('',(-1.84218422227625E-16,0.0,-1.0));
#4977=DIRECTION('',(1.0,0.0,-1.84218422227625E-16));
#4978=CARTESIAN_POINT('',(5.92320171441889E-15,0.195,0.00499999999999999));
#4979=DIRECTION('',(1.72038691832411E-16,-0.0,1.0));
#4980=DIRECTION('',(1.0,0.0,-1.72038691832411E-16));
#4981=DIRECTION('',(-0.0,-0.0,1.0));
#4982=CARTESIAN_POINT('',(5.92320171441889E-15,0.195,-1.73472347597681E-17));
#4983=DIRECTION('',(0.0,0.0,1.0));
#4984=DIRECTION('',(1.0,0.0,0.0));
#4985=CARTESIAN_POINT('',(-3.03895376543438E-16,0.195,-1.73472347597681E-17));
#4986=DIRECTION('',(0.0,0.0,-1.0));
#4987=DIRECTION('',(1.0,0.0,0.0));
#4988=DIRECTION('',(-0.0,-0.0,1.0));
#4989=CARTESIAN_POINT('',(-3.03895376543438E-16,0.195,0.00499999999999999));
#4990=DIRECTION('',(-1.84218422227665E-16,2.04910761146682E-33,-1.0));
#4991=DIRECTION('',(1.0,-3.92999300752353E-15,-1.84218422227665E-16));
#4992=CARTESIAN_POINT('',(0.0320000000000017,0.959,0.00499999999999999));
#4993=DIRECTION('',(-1.73472347597681E-16,0.0,-1.0));
#4994=DIRECTION('',(-1.0,0.0,1.73472347597681E-16));
#4995=DIRECTION('',(-1.83697019872103E-16,0.0,-1.0));
#4996=CARTESIAN_POINT('',(0.0320000000000017,0.959,-5.87830463590761E-18));
#4997=DIRECTION('',(-1.83697019872103E-16,0.0,-1.0));
#4998=DIRECTION('',(-1.0,0.0,1.83697019872103E-16));
#4999=CARTESIAN_POINT('',(0.0300000000000017,0.9225,0.00499999999999999));
#5000=DIRECTION('',(-1.73472347597701E-16,0.0,-1.0));
#5001=DIRECTION('',(-1.0,0.0,1.73472347597701E-16));
#5002=DIRECTION('',(-1.83697019872103E-16,0.0,-1.0));
#5003=CARTESIAN_POINT('',(0.0300000000000017,0.9225,-5.51091059616341E-18));
#5004=DIRECTION('',(-1.83697019872103E-16,0.0,-1.0));
#5005=DIRECTION('',(-1.0,0.0,1.83697019872103E-16));
#5006=CARTESIAN_POINT('',(-0.045,1.718,0.035));
#5007=DIRECTION('',(-1.0,-0.0,0.0));
#5008=DIRECTION('',(0.0,0.0,1.0));
#5009=CARTESIAN_POINT('',(-0.05,1.718,0.035));
#5010=DIRECTION('',(-1.0,0.0,0.0));
#5011=DIRECTION('',(0.0,0.0,1.0));
#5012=DIRECTION('',(-2.31296463463576E-16,-1.0,2.56790659251633E-32));
#5013=DIRECTION('',(1.83697019872103E-16,-0.0,1.0));
#5014=DIRECTION('',(2.31296463463576E-16,1.0,-4.24884710452156E-32));
#5015=DIRECTION('',(-1.83697019872103E-16,0.0,-1.0));
#5016=DIRECTION('',(2.31296463463576E-16,1.0,-4.24884710452156E-32));
#5017=DIRECTION('',(-1.83697019872103E-16,0.0,-1.0));
#5018=DIRECTION('',(-2.31296463463576E-16,-1.0,5.13581318503266E-32));
#5019=DIRECTION('',(1.83697019872103E-16,-0.0,1.0));
#5020=CARTESIAN_POINT('',(-0.04,1.703,0.01));
#5021=DIRECTION('',(0.0,-1.0,0.0));
#5022=DIRECTION('',(0.0,0.0,-1.0));
#5023=DIRECTION('',(-0.0,-1.0,-0.0));
#5024=CARTESIAN_POINT('',(-0.04,1.483,0.01));
#5025=DIRECTION('',(-0.0,1.0,0.0));
#5026=DIRECTION('',(0.0,0.0,1.0));
#5027=DIRECTION('',(-0.0,-1.0,-0.0));
#5028=CARTESIAN_POINT('',(-0.04,1.453,0.01));
#5029=DIRECTION('',(0.0,-1.0,0.0));
#5030=DIRECTION('',(0.0,0.0,-1.0));
#5031=DIRECTION('',(-0.0,-1.0,-0.0));
#5032=CARTESIAN_POINT('',(-0.04,0.0649999999999999,0.01));
#5033=DIRECTION('',(0.0,1.0,-0.0));
#5034=DIRECTION('',(-1.0,0.0,0.0));
#5035=DIRECTION('',(-0.0,-1.0,-0.0));
#5036=DIRECTION('',(-0.0,-1.0,-0.0));
#5037=CARTESIAN_POINT('',(-0.04,1.703,0.01));
#5038=DIRECTION('',(0.0,-1.0,0.0));
#5039=DIRECTION('',(0.0,0.0,-1.0));
#5040=DIRECTION('',(-0.0,-1.0,-0.0));
#5041=CARTESIAN_POINT('',(-0.04,1.483,0.01));
#5042=DIRECTION('',(-0.0,1.0,0.0));
#5043=DIRECTION('',(0.0,0.0,1.0));
#5044=DIRECTION('',(-0.0,-1.0,-0.0));
#5045=CARTESIAN_POINT('',(-0.04,1.453,0.01));
#5046=DIRECTION('',(0.0,-1.0,0.0));
#5047=DIRECTION('',(0.0,0.0,-1.0));
#5048=DIRECTION('',(-0.0,-1.0,-0.0));
#5049=CARTESIAN_POINT('',(-0.04,0.0649999999999999,0.01));
#5050=DIRECTION('',(0.0,1.0,-0.0));
#5051=DIRECTION('',(-1.0,0.0,0.0));
#5052=DIRECTION('',(9.07044954759115E-17,1.0,-2.0140443862873E-32));
#5053=DIRECTION('',(1.83697019872103E-16,-0.0,1.0));
#5054=DIRECTION('',(-9.07044954759115E-17,-1.0,1.66621455079276E-32));
#5055=DIRECTION('',(-1.83697019872103E-16,0.0,-1.0));
#5056=DIRECTION('',(-9.07044954759115E-17,-1.0,1.66621455079276E-32));
#5057=DIRECTION('',(-1.83697019872103E-16,0.0,-1.0));
#5058=DIRECTION('',(9.07044954759115E-17,1.0,-2.0140443862873E-32));
#5059=DIRECTION('',(1.83697019872103E-16,-0.0,1.0));
#5060=DIRECTION('',(4.62592926927149E-16,0.0,1.0));
#5061=DIRECTION('',(1.0,-0.0,-1.83697019872103E-16));
#5062=DIRECTION('',(-1.83697019872103E-16,-0.0,-1.0));
#5063=CARTESIAN_POINT('',(0.04,0.9025,0.00999999999999998));
#5064=DIRECTION('',(0.0,-1.0,0.0));
#5065=DIRECTION('',(0.0,0.0,-1.0));
#5066=DIRECTION('',(-1.38777878078145E-15,0.0,-1.0));
#5067=CARTESIAN_POINT('',(0.04,0.9025,0.00999999999999998));
#5068=DIRECTION('',(0.0,-1.0,0.0));
#5069=DIRECTION('',(0.0,0.0,-1.0));
#5070=DIRECTION('',(-1.83697019872103E-16,-0.0,-1.0));
#5071=DIRECTION('',(-1.0,-0.0,1.83697019872103E-16));
#5072=DIRECTION('',(-4.62592926927149E-16,0.0,-1.0));
#5073=CARTESIAN_POINT('',(0.04,0.979,0.00999999999999998));
#5074=DIRECTION('',(-0.0,1.0,0.0));
#5075=DIRECTION('',(0.0,0.0,1.0));
#5076=DIRECTION('',(0.0,0.0,1.0));
#5077=CARTESIAN_POINT('',(0.04,0.979,0.00999999999999998));
#5078=DIRECTION('',(-0.0,1.0,0.0));
#5079=DIRECTION('',(0.0,0.0,1.0));
#5080=DIRECTION('',(-0.0,-1.0,-0.0));
#5081=CARTESIAN_POINT('',(0.04,1.968,0.00999999999999998));
#5082=DIRECTION('',(-0.0,1.0,0.0));
#5083=DIRECTION('',(1.0,0.0,0.0));
#5084=DIRECTION('',(-0.0,-1.0,-0.0));
#5085=DIRECTION('',(-0.0,-1.0,-0.0));
#5086=DIRECTION('',(-0.0,-1.0,-0.0));
#5087=CARTESIAN_POINT('',(0.04,1.968,0.00999999999999998));
#5088=DIRECTION('',(0.0,1.0,0.0));
#5089=DIRECTION('',(2.08166817117217E-15,0.0,-1.0));
#5090=DIRECTION('',(-0.0,-0.0,1.0));
#5091=DIRECTION('',(-1.0,-1.38777878078145E-16,0.0));
#5092=CARTESIAN_POINT('',(0.04,0.0649999999999999,0.00999999999999998));
#5093=DIRECTION('',(0.0,1.0,-0.0));
#5094=DIRECTION('',(-1.0,0.0,0.0));
#5095=DIRECTION('',(-0.0,-0.0,1.0));
#5096=DIRECTION('',(-1.0,-1.38777878078145E-16,0.0));
#5097=DIRECTION('',(-4.62592926927149E-16,-6.41976648129079E-32,-1.0));
#5098=CARTESIAN_POINT('',(0.04,0.0649999999999999,0.00999999999999998));
#5099=DIRECTION('',(0.0,1.0,-0.0));
#5100=DIRECTION('',(-1.0,0.0,0.0));
#5101=DIRECTION('',(-1.0,-1.38777878078145E-16,1.83697019872103E-16));
#5102=DIRECTION('',(0.0,0.0,1.0));
#5103=DIRECTION('',(-1.0,-1.38777878078145E-16,0.0));
#5104=DIRECTION('',(2.31296463463576E-16,1.0,-5.13581318503266E-32));
#5105=CARTESIAN_POINT('',(-0.05,1.708,0.01));
#5106=DIRECTION('',(1.0,0.0,0.0));
#5107=DIRECTION('',(0.0,0.0,-1.0));
#5108=CARTESIAN_POINT('',(-0.05,1.478,0.01));
#5109=DIRECTION('',(1.0,0.0,0.0));
#5110=DIRECTION('',(0.0,0.0,-1.0));
#5111=DIRECTION('',(2.31296463463576E-16,1.0,-5.13581318503266E-32));
#5112=CARTESIAN_POINT('',(-0.05,1.458,0.01));
#5113=DIRECTION('',(1.0,0.0,0.0));
#5114=DIRECTION('',(0.0,0.0,-1.0));
#5115=DIRECTION('',(-0.0,-1.0,-0.0));
#5116=DIRECTION('',(0.0,0.0,1.0));
#5117=DIRECTION('',(-0.0,-1.0,-0.0));
#5118=CARTESIAN_POINT('',(-0.05,1.728,0.01));
#5119=DIRECTION('',(1.0,0.0,0.0));
#5120=DIRECTION('',(0.0,0.0,-1.0));
#5121=CARTESIAN_POINT('',(-0.04,1.968,0.01));
#5122=DIRECTION('',(-0.0,1.0,0.0));
#5123=DIRECTION('',(1.0,0.0,0.0));
#5124=DIRECTION('',(-1.0,0.0,1.83697019872103E-16));
#5125=DIRECTION('',(-4.62592926927148E-16,0.0,-1.0));
#5126=DIRECTION('',(-1.0,0.0,1.38777878078145E-15));
#5127=DIRECTION('',(-4.62592926927148E-16,0.0,-1.0));
#5128=DIRECTION('',(-1.0,0.0,1.83697019872103E-16));
#5129=CARTESIAN_POINT('',(-0.04,1.968,0.01));
#5130=DIRECTION('',(0.0,1.0,0.0));
#5131=DIRECTION('',(0.0,0.0,-1.0));
#5132=DIRECTION('',(-1.0,0.0,0.0));
#5133=DIRECTION('',(-0.0,-0.0,1.0));
#5134=DIRECTION('',(-0.0,-1.0,-0.0));
#5135=CARTESIAN_POINT('',(-0.045,1.708,0.01));
#5136=DIRECTION('',(-1.0,0.0,0.0));
#5137=DIRECTION('',(0.0,0.0,-1.0));
#5138=DIRECTION('',(0.0,-1.0,8.869660805111E-33));
#5139=CARTESIAN_POINT('',(-0.045,1.728,0.01));
#5140=DIRECTION('',(-1.0,0.0,0.0));
#5141=DIRECTION('',(0.0,0.0,-1.0));
#5142=DIRECTION('',(-0.0,-1.0,-0.0));
#5143=CARTESIAN_POINT('',(-0.045,1.458,0.01));
#5144=DIRECTION('',(-1.0,0.0,0.0));
#5145=DIRECTION('',(0.0,0.0,-1.0));
#5146=DIRECTION('',(0.0,1.0,-8.869660805111E-33));
#5147=CARTESIAN_POINT('',(-0.045,1.478,0.01));
#5148=DIRECTION('',(-1.0,0.0,0.0));
#5149=DIRECTION('',(0.0,0.0,-1.0));
#5150=CARTESIAN_POINT('',(-0.04,1.733,0.01));
#5151=DIRECTION('',(-0.0,1.0,0.0));
#5152=DIRECTION('',(0.0,0.0,1.0));
#5153=DIRECTION('',(-0.0,-1.0,-0.0));
#5154=CARTESIAN_POINT('',(-0.04,1.708,0.005));
#5155=DIRECTION('',(-1.73472347597681E-16,0.0,-1.0));
#5156=DIRECTION('',(1.0,0.0,-1.73472347597681E-16));
#5157=CARTESIAN_POINT('',(-0.04,1.478,0.005));
#5158=DIRECTION('',(-1.73472347597681E-16,0.0,-1.0));
#5159=DIRECTION('',(1.0,0.0,-1.73472347597681E-16));
#5160=DIRECTION('',(2.31296463463576E-16,1.0,-4.24884710452156E-32));
#5161=CARTESIAN_POINT('',(-0.04,1.47630662386292,0.005));
#5162=DIRECTION('',(-1.73472347597681E-16,0.0,-1.0));
#5163=DIRECTION('',(1.0,0.0,-1.73472347597681E-16));
#5164=CARTESIAN_POINT('',(-0.04,1.45969337613708,0.005));
#5165=DIRECTION('',(-1.73472347597681E-16,4.54066663132397E-31,-1.0));
#5166=DIRECTION('',(1.0,4.44089209850063E-14,-1.73472347597681E-16));
#5167=CARTESIAN_POINT('',(-0.04,1.458,0.005));
#5168=DIRECTION('',(-1.73472347597681E-16,0.0,-1.0));
#5169=DIRECTION('',(1.0,0.0,-1.73472347597681E-16));
#5170=DIRECTION('',(-0.0,-1.0,-0.0));
#5171=CARTESIAN_POINT('',(0.04,0.9055,0.00499999999999998));
#5172=DIRECTION('',(-2.89120579329468E-16,0.0,-1.0));
#5173=DIRECTION('',(1.0,0.0,-2.89120579329468E-16));
#5174=DIRECTION('',(-9.07044954759115E-17,-1.0,1.66621455079276E-32));
#5175=CARTESIAN_POINT('',(0.04,0.907533370452905,0.00499999999999998));
#5176=DIRECTION('',(-2.89120579329468E-16,0.0,-1.0));
#5177=DIRECTION('',(1.0,0.0,-2.89120579329468E-16));
#5178=CARTESIAN_POINT('',(0.04,0.937466629547095,0.00499999999999998));
#5179=DIRECTION('',(-2.89120579329468E-16,0.0,-1.0));
#5180=DIRECTION('',(1.0,0.0,-2.89120579329468E-16));
#5181=CARTESIAN_POINT('',(0.04,0.942875484503402,0.00499999999999998));
#5182=DIRECTION('',(-2.89120579329468E-16,3.90145543491684E-30,-1.0));
#5183=DIRECTION('',(1.0,-3.70074341541718E-14,-2.89120579329468E-16));
#5184=CARTESIAN_POINT('',(0.04,0.975124515496598,0.00499999999999998));
#5185=DIRECTION('',(-2.89120579329468E-16,3.90145543491684E-30,-1.0));
#5186=DIRECTION('',(1.0,-3.70074341541718E-14,-2.89120579329468E-16));
#5187=CARTESIAN_POINT('',(0.04,0.976,0.00499999999999998));
#5188=DIRECTION('',(-2.89120579329468E-16,0.0,-1.0));
#5189=DIRECTION('',(1.0,0.0,-2.89120579329468E-16));
#5190=CARTESIAN_POINT('',(-0.04,1.728,0.005));
#5191=DIRECTION('',(-1.73472347597681E-16,0.0,-1.0));
#5192=DIRECTION('',(1.0,0.0,-1.73472347597681E-16));
#5193=DIRECTION('',(2.31296463463576E-16,1.0,-4.24884710452156E-32));
#5194=CARTESIAN_POINT('',(-0.04,1.72630662386292,0.005));
#5195=DIRECTION('',(-1.73472347597681E-16,0.0,-1.0));
#5196=DIRECTION('',(1.0,0.0,-1.73472347597681E-16));
#5197=CARTESIAN_POINT('',(-0.04,1.70969337613708,0.005));
#5198=DIRECTION('',(-1.73472347597681E-16,4.54066663132397E-31,-1.0));
#5199=DIRECTION('',(1.0,4.44089209850063E-14,-1.73472347597681E-16));
#5200=DIRECTION('',(0.983254907563969,-0.18223552549207,-1.80620996294121E-16));
#5201=DIRECTION('',(-0.983254907563969,-0.18223552549207,1.80620996294121E-16));
#5202=DIRECTION('',(-0.983254907563948,0.182235525492181,1.80620996294117E-16));
#5203=DIRECTION('',(0.983254907563948,0.182235525492181,-1.80620996294117E-16));
#5204=DIRECTION('',(0.983254907563969,-0.18223552549207,-1.80620996294121E-16));
#5205=DIRECTION('',(-0.983254907563969,-0.18223552549207,1.80620996294121E-16));
#5206=DIRECTION('',(-0.983254907563969,0.18223552549207,1.80620996294121E-16));
#5207=DIRECTION('',(0.983254907563969,0.18223552549207,-1.80620996294121E-16));
#5208=DIRECTION('',(-0.0,-1.0,-0.0));
#5209=CARTESIAN_POINT('',(0.045,0.976,0.012));
#5210=DIRECTION('',(1.0,0.0,-0.0));
#5211=DIRECTION('',(0.0,0.0,1.0));
#5212=DIRECTION('',(0.0,-1.0,0.0));
#5213=CARTESIAN_POINT('',(0.045,0.9055,0.012));
#5214=DIRECTION('',(1.0,0.0,-0.0));
#5215=DIRECTION('',(0.0,0.0,1.0));
#5216=DIRECTION('',(-0.0,-1.0,-0.0));
#5217=DIRECTION('',(-0.0,-1.0,-0.0));
#5218=DIRECTION('',(-0.0,-1.0,-0.0));
#5219=CARTESIAN_POINT('',(0.05,0.976,0.012));
#5220=DIRECTION('',(-1.0,0.0,0.0));
#5221=DIRECTION('',(0.0,0.0,1.0));
#5222=DIRECTION('',(-0.0,-1.0,-0.0));
#5223=CARTESIAN_POINT('',(0.05,0.9055,0.012));
#5224=DIRECTION('',(-1.0,0.0,0.0));
#5225=DIRECTION('',(0.0,0.0,1.0));
#5226=DIRECTION('',(-0.0,-1.0,-0.0));
#5227=CARTESIAN_POINT('',(-0.04,1.708,-1.73472347597681E-18));
#5228=DIRECTION('',(1.83697019872103E-16,-0.0,1.0));
#5229=DIRECTION('',(1.0,0.0,-1.83697019872103E-16));
#5230=CARTESIAN_POINT('',(-0.04,1.70969337613708,-1.73472347597681E-18));
#5231=DIRECTION('',(1.83697019872103E-16,-0.0,1.0));
#5232=DIRECTION('',(1.0,0.0,-1.83697019872103E-16));
#5233=CARTESIAN_POINT('',(-0.04,1.72630662386292,-1.73472347597681E-18));
#5234=DIRECTION('',(1.83697019872103E-16,-0.0,1.0));
#5235=DIRECTION('',(1.0,0.0,-1.83697019872103E-16));
#5236=DIRECTION('',(-2.31296463463576E-16,-1.0,2.56790659251633E-32));
#5237=CARTESIAN_POINT('',(-0.04,1.728,-1.73472347597681E-18));
#5238=DIRECTION('',(1.83697019872103E-16,-0.0,1.0));
#5239=DIRECTION('',(1.0,0.0,-1.83697019872103E-16));
#5240=DIRECTION('',(-0.0,-1.0,-0.0));
#5241=CARTESIAN_POINT('',(0.04,0.976,-1.73472347597681E-17));
#5242=DIRECTION('',(1.83697019872102E-16,-0.0,1.0));
#5243=DIRECTION('',(1.0,0.0,-1.83697019872102E-16));
#5244=CARTESIAN_POINT('',(0.04,0.975124515496598,-1.64798730217797E-17));
#5245=DIRECTION('',(1.83697019872102E-16,-0.0,1.0));
#5246=DIRECTION('',(1.0,0.0,-1.83697019872102E-16));
#5247=CARTESIAN_POINT('',(0.04,0.942875484503402,-1.64798730217797E-17));
#5248=DIRECTION('',(1.83697019872102E-16,-0.0,1.0));
#5249=DIRECTION('',(1.0,0.0,-1.83697019872102E-16));
#5250=CARTESIAN_POINT('',(0.04,0.937466629547095,-1.64798730217797E-17));
#5251=DIRECTION('',(1.83697019872102E-16,-0.0,1.0));
#5252=DIRECTION('',(1.0,0.0,-1.83697019872102E-16));
#5253=CARTESIAN_POINT('',(0.04,0.907533370452905,-1.64798730217797E-17));
#5254=DIRECTION('',(1.83697019872102E-16,-0.0,1.0));
#5255=DIRECTION('',(1.0,0.0,-1.83697019872102E-16));
#5256=DIRECTION('',(9.07044954759115E-17,1.0,-2.0140443862873E-32));
#5257=CARTESIAN_POINT('',(0.04,0.9055,-1.73472347597681E-17));
#5258=DIRECTION('',(1.83697019872102E-16,-0.0,1.0));
#5259=DIRECTION('',(1.0,0.0,-1.83697019872102E-16));
#5260=CARTESIAN_POINT('',(-0.04,1.458,-1.73472347597681E-18));
#5261=DIRECTION('',(1.83697019872103E-16,-0.0,1.0));
#5262=DIRECTION('',(1.0,0.0,-1.83697019872103E-16));
#5263=CARTESIAN_POINT('',(-0.04,1.45969337613708,-1.73472347597681E-18));
#5264=DIRECTION('',(1.83697019872103E-16,-0.0,1.0));
#5265=DIRECTION('',(1.0,0.0,-1.83697019872103E-16));
#5266=CARTESIAN_POINT('',(-0.04,1.47630662386292,-1.73472347597681E-18));
#5267=DIRECTION('',(1.83697019872103E-16,-0.0,1.0));
#5268=DIRECTION('',(1.0,0.0,-1.83697019872103E-16));
#5269=DIRECTION('',(-2.31296463463576E-16,-1.0,5.13581318503266E-32));
#5270=CARTESIAN_POINT('',(-0.04,1.478,-1.73472347597681E-18));
#5271=DIRECTION('',(1.83697019872103E-16,-0.0,1.0));
#5272=DIRECTION('',(1.0,0.0,-1.83697019872103E-16));
#5273=DIRECTION('',(0.983254907563969,-0.18223552549207,-0.0));
#5274=DIRECTION('',(-0.983254907563969,-0.18223552549207,-0.0));
#5275=DIRECTION('',(-0.983254907563948,0.182235525492181,0.0));
#5276=DIRECTION('',(0.983254907563948,0.182235525492181,0.0));
#5277=DIRECTION('',(0.983254907563969,-0.18223552549207,-0.0));
#5278=DIRECTION('',(-0.983254907563969,-0.18223552549207,-0.0));
#5279=DIRECTION('',(-0.983254907563969,0.18223552549207,0.0));
#5280=DIRECTION('',(0.983254907563969,0.18223552549207,0.0));
#5281=CARTESIAN_POINT('',(-0.04,1.733,0.01));
#5282=DIRECTION('',(-0.0,1.0,0.0));
#5283=DIRECTION('',(0.0,0.0,1.0));
#5284=DIRECTION('',(-1.83697019872103E-16,0.0,-1.0));
#5285=DIRECTION('',(1.83697019872103E-16,-0.0,1.0));
#5286=DIRECTION('',(-1.0,0.0,1.83697019872103E-16));
#5287=DIRECTION('',(1.0,0.0,-1.83697019872103E-16));
#5288=DIRECTION('',(0.0,0.0,1.0));
#5289=DIRECTION('',(-1.0,0.0,3.46944695195361E-16));
#5290=DIRECTION('',(0.0,0.0,-1.0));
#5291=DIRECTION('',(1.0,0.0,0.0));
#5292=DIRECTION('',(1.83697019872103E-16,-0.0,1.0));
#5293=DIRECTION('',(-1.83697019872103E-16,0.0,-1.0));
#5294=DIRECTION('',(1.0,0.0,-1.83697019872103E-16));
#5295=DIRECTION('',(-1.0,0.0,1.83697019872103E-16));
#5296=DIRECTION('',(0.0,0.0,1.0));
#5297=DIRECTION('',(-1.0,0.0,3.46944695195361E-16));
#5298=DIRECTION('',(0.0,0.0,-1.0));
#5299=DIRECTION('',(1.0,0.0,0.0));
#5300=DIRECTION('',(-1.83697019872103E-16,0.0,-1.0));
#5301=DIRECTION('',(1.83697019872103E-16,-0.0,1.0));
#5302=DIRECTION('',(1.0,0.0,-1.83697019872103E-16));
#5303=DIRECTION('',(-1.0,0.0,1.83697019872103E-16));
#5304=PRESENTATION_LAYER_ASSIGNMENT('2','',(#93,#94,#137,#2447,#2455,#2457,#2458,#2459,#2463,#2731,#2733,#2787,#2789,#2795,#2797,#2803,#2805,#2811,#2813,#2819,#2827,#2835,#2843,#2845,#2883,#2885,#2891,#2893,#2899,#2901,#2907,#2909,#2915,#2923,#2925,#2931,#2939,#2941,#2947,#2955,#2957,#2963,#2965,#2971,#2979,#2987,#2989,#2995,#2997,#3003,#3005,#3027,#3029,#3035,#3037,#3043,#3045,#3051,#3053,#3059,#3061,#3067,#3069));
#5305=PRESENTATION_LAYER_ASSIGNMENT('1','1',(#51,#52,#53,#54,#55,#56,#57,#58,#59,#60,#61,#62,#63,#64,#65,#66,#67,#68,#69,#70,#71,#72,#73,#74,#75,#76,#77,#78,#79,#80,#81,#82,#83,#84,#85,#86,#87,#88,#89,#90,#91,#92,#95,#96,#97,#98,#99,#100,#101,#102,#103,#104,#105,#106,#107,#108,#109,#110,#111,#112,#113,#114,#115,#116,#117,#118,#119,#120,#121,#122,#123,#124,#125,#126,#127,#128,#129,#130,#131,#132,#133,#134,#135,#136,#138,#139,#140,#141,#142,#143,#144,#145,#146,#147,#148,#149,#150,#151,#152,#153,#154,#155,#156,#157,#158,#159,#160,#161,#162,#163,#164,#165,#166,#167,#168,#169,#170,#171,#172,#173,#174,#175,#176,#177,#178,#179,#180,#181,#182,#183,#184,#185,#186,#187,#188,#189,#190,#191,#192,#193,#194,#195,#196,#197,#198,#199,#200,#201,#2287,#2289,#2291,#2292,#2293,#2295,#2296,#2297,#2299,#2300,#2301,#2303,#2304,#2305,#2307,#2308,#2309,#2311,#2312,#2313,#2315,#2317,#2319,#2321,#2323,#2325,#2327,#2329,#2331,#2333,#2335,#2337,#2339,#2341,#2343,#2345,#2347,#2348,#2349,#2351,#2352,#2353,#2355,#2356,#2357,#2359,#2360,#2361,#2363,#2365,#2367,#2369,#2371,#2373,#2375,#2377,#2379,#2381,#2383,#2385,#2387,#2389,#2391,#2393,#2395,#2397,#2399,#2401,#2403,#2405,#2407,#2409,#2411,#2413,#2415,#2417,#2419,#2421,#2423,#2425,#2427,#2428,#2429,#2431,#2432,#2433,#2435,#2437,#2439,#2441,#2443,#2445,#2449,#2451,#2453,#2460,#2461,#2462,#2464,#2465,#2466,#2467,#2468,#2469,#2470,#2471,#2472,#2473,#2474,#2475,#2476,#2477,#2478,#2479,#2480,#2481,#2482,#2483,#2484,#2485,#2486,#2487,#2488,#2489,#2490,#2491,#2492,#2493,#2494,#2495,#2496,#2497,#2498,#2499,#2500,#2501,#2502,#2503,#2504,#2505,#2506,#2507,#2508,#2509,#2510,#2511,#2512,#2513,#2514,#2515,#2516,#2517,#2518,#2519,#2520,#2521,#2522,#2523,#2524,#2525,#2526,#2527,#2528,#2529,#2530,#2531,#2532,#2533,#2534,#2535,#2536,#2537,#2538,#2539,#2540,#2541,#2542,#2543,#2544,#2545,#2546,#2547,#2548,#2549,#2550,#2551,#2552,#2553,#2554,#2555,#2556,#2557,#2558,#2559,#2560,#2561,#2562,#2563,#2564,#2565,#2566,#2567,#2568,#2569,#2570,#2571,#2572,#2573,#2574,#2575,#2576,#2577,#2578,#2579,#2580,#2581,#2582,#2583,#2584,#2585,#2586,#2587,#2588,#2589,#2590,#2591,#2592,#2593,#2594,#2595,#2596,#2597,#2598,#2599,#2600,#2601,#2602,#2603,#2604,#2605,#2606,#2607,#2608,#2609,#2610,#2611,#2612,#2613,#2614,#2615,#2616,#2617,#2618,#2619,#2620,#2621,#2622,#2623,#2624,#2625,#2626,#2627,#2628,#2629,#2630,#2631,#2632,#2633,#2634,#2635,#2636,#2637,#2638,#2639,#2640,#2641,#2642,#2643,#2644,#2645,#2646,#2647,#2648,#2649,#2650,#2651,#2652,#2653,#2654,#2655,#2656,#2657,#2658,#2659,#2660,#2661,#2662,#2663,#2664,#2665,#2666,#2667,#2668,#2669,#2670,#2671,#2672,#2673,#2674,#2675,#2676,#2677,#2678,#2679,#2680,#2681,#2682,#2683,#2684,#2685,#2686,#2687,#2688,#2689,#2690,#2691,#2692,#2693,#2694,#2695,#2696,#2697,#2698,#2699,#2700,#2701,#2702,#2703,#2704,#2705,#2706,#2707,#2708,#2709,#2710,#2711,#2712,#2713,#2714,#2715,#2716,#2717,#2718,#2719,#2720,#2721,#2722,#2723,#2724,#2725,#2726,#2727,#2739,#2741,#2747,#2749,#2755,#2757,#2763,#2765,#2771,#2773,#2779,#2781,#2821,#2829,#2837,#2851,#2853,#2859,#2861,#2867,#2869,#2875,#2877,#2917,#2933,#2949,#2973,#2981,#3011,#3013,#3019,#3021,#3084,#3086,#3089,#3091,#3126,#3128,#3131,#3133,#3136,#3138,#3141,#3143,#3162,#3164,#3167,#3169,#3172,#3174,#3177,#3179,#3182,#3184,#3187,#3189,#3194,#3195,#3197,#3199,#3202,#3203,#3205,#3207,#3210,#3211,#3213,#3215,#3218,#3219,#3221,#3223,#3226,#3227,#3229,#3231,#3234,#3235,#3237,#3239,#3242,#3243,#3245,#3247,#3250,#3251,#3253,#3255,#3258,#3259,#3261,#3263,#3265,#3267,#3270,#3271,#3273,#3275,#3277,#3279,#3282,#3284,#3287,#3289,#3292,#3294,#3296,#3298,#3300,#3302,#3304,#3307,#3310,#3311,#3314,#3316,#3319,#3321,#3323,#3326,#3327,#3330,#3332,#3335,#3338,#3342,#3344,#3346,#3349,#3351,#3354,#3358,#3360,#3366,#3368,#3375,#3377,#3390,#3392,#3397,#3398,#3406,#3408,#3410,#3417,#3419,#3424,#3426));
#5306=PRESENTATION_LAYER_ASSIGNMENT('9','Laag0',(#25));
ENDSEC;
END-ISO-10303-21;
